Scorecard analysis	Set up job	∩╗┐2026-08-05T06:19:42.2048585Z Current runner version: '2.336.0'
Scorecard analysis	Set up job	2026-08-05T06:19:42.2075836Z ##[group]Runner Image Provisioner
Scorecard analysis	Set up job	2026-08-05T06:19:42.2076843Z Hosted Compute Agent
Scorecard analysis	Set up job	2026-08-05T06:19:42.2077423Z Version: 20260707.563
Scorecard analysis	Set up job	2026-08-05T06:19:42.2078074Z Commit: 02667638d2b423fbc733a8e32a88b44996a3ba6e
Scorecard analysis	Set up job	2026-08-05T06:19:42.2078985Z Build Date: 2026-07-07T19:33:50Z
Scorecard analysis	Set up job	2026-08-05T06:19:42.2079723Z Worker ID: {cbbe3d3d-70e4-4bd7-8ea6-6fff371a5c2b}
Scorecard analysis	Set up job	2026-08-05T06:19:42.2080540Z Azure Region: westus
Scorecard analysis	Set up job	2026-08-05T06:19:42.2081095Z ##[endgroup]
Scorecard analysis	Set up job	2026-08-05T06:19:42.2082637Z ##[group]Operating System
Scorecard analysis	Set up job	2026-08-05T06:19:42.2083309Z Ubuntu
Scorecard analysis	Set up job	2026-08-05T06:19:42.2083850Z 24.04.4
Scorecard analysis	Set up job	2026-08-05T06:19:42.2084387Z LTS
Scorecard analysis	Set up job	2026-08-05T06:19:42.2084881Z ##[endgroup]
Scorecard analysis	Set up job	2026-08-05T06:19:42.2085392Z ##[group]Runner Image
Scorecard analysis	Set up job	2026-08-05T06:19:42.2086036Z Image: ubuntu-24.04
Scorecard analysis	Set up job	2026-08-05T06:19:42.2086615Z Version: 20260720.247.2
Scorecard analysis	Set up job	2026-08-05T06:19:42.2087699Z Included Software: https://github.com/actions/runner-images/blob/ubuntu24/20260720.247/images/ubuntu/Ubuntu2404-Readme.md
Scorecard analysis	Set up job	2026-08-05T06:19:42.2089640Z Image Release: https://github.com/actions/runner-images/releases/tag/ubuntu24%2F20260720.247
Scorecard analysis	Set up job	2026-08-05T06:19:42.2090677Z ##[endgroup]
Scorecard analysis	Set up job	2026-08-05T06:19:42.2092273Z ##[group]GITHUB_TOKEN Permissions
Scorecard analysis	Set up job	2026-08-05T06:19:42.2094952Z Actions: read
Scorecard analysis	Set up job	2026-08-05T06:19:42.2095568Z Checks: read
Scorecard analysis	Set up job	2026-08-05T06:19:42.2096091Z Contents: read
Scorecard analysis	Set up job	2026-08-05T06:19:42.2096723Z Issues: read
Scorecard analysis	Set up job	2026-08-05T06:19:42.2097284Z Metadata: read
Scorecard analysis	Set up job	2026-08-05T06:19:42.2097857Z PullRequests: read
Scorecard analysis	Set up job	2026-08-05T06:19:42.2098437Z SecurityEvents: write
Scorecard analysis	Set up job	2026-08-05T06:19:42.2099515Z ##[endgroup]
Scorecard analysis	Set up job	2026-08-05T06:19:42.2101810Z Secret source: Actions
Scorecard analysis	Set up job	2026-08-05T06:19:42.2102942Z Prepare workflow directory
Scorecard analysis	Set up job	2026-08-05T06:19:42.2464596Z Prepare all required actions
Scorecard analysis	Set up job	2026-08-05T06:19:42.2538495Z Getting action download info
Scorecard analysis	Set up job	2026-08-05T06:19:42.6456218Z Download action repository 'actions/checkout@3d3c42e5aac5ba805825da76410c181273ba90b1' (SHA:3d3c42e5aac5ba805825da76410c181273ba90b1)
Scorecard analysis	Set up job	2026-08-05T06:19:43.1338500Z Download action repository 'ossf/scorecard-action@2d1146689b8cda280b9bc96326124645441f03bc' (SHA:2d1146689b8cda280b9bc96326124645441f03bc)
Scorecard analysis	Set up job	2026-08-05T06:19:43.5424741Z Download action repository 'actions/upload-artifact@043fb46d1a93c77aae656e7c1c64a875d1fc6a0a' (SHA:043fb46d1a93c77aae656e7c1c64a875d1fc6a0a)
Scorecard analysis	Set up job	2026-08-05T06:19:43.6274749Z Download action repository 'github/codeql-action@f205ea1c3313d32999d8d6a48b4f6530d4437b38' (SHA:f205ea1c3313d32999d8d6a48b4f6530d4437b38)
Scorecard analysis	Set up job	2026-08-05T06:19:44.3038529Z Complete job name: Scorecard analysis
Scorecard analysis	Pull ghcr.io/ossf/scorecard-action:v2.4.4	∩╗┐2026-08-05T06:19:44.3574829Z ##[group]Pull down action image 'ghcr.io/ossf/scorecard-action:v2.4.4'
Scorecard analysis	Pull ghcr.io/ossf/scorecard-action:v2.4.4	2026-08-05T06:19:44.3633763Z ##[command]/usr/bin/docker pull ghcr.io/ossf/scorecard-action:v2.4.4
Scorecard analysis	Pull ghcr.io/ossf/scorecard-action:v2.4.4	2026-08-05T06:19:45.2246151Z v2.4.4: Pulling from ossf/scorecard-action
Scorecard analysis	Pull ghcr.io/ossf/scorecard-action:v2.4.4	2026-08-05T06:19:45.2247678Z 737574503653: Pulling fs layer
Scorecard analysis	Pull ghcr.io/ossf/scorecard-action:v2.4.4	2026-08-05T06:19:45.2259724Z 5b3013706a46: Pulling fs layer
Scorecard analysis	Pull ghcr.io/ossf/scorecard-action:v2.4.4	2026-08-05T06:19:45.2260439Z 8029962f461f: Pulling fs layer
Scorecard analysis	Pull ghcr.io/ossf/scorecard-action:v2.4.4	2026-08-05T06:19:45.2260833Z 9cd8e28f1c22: Pulling fs layer
Scorecard analysis	Pull ghcr.io/ossf/scorecard-action:v2.4.4	2026-08-05T06:19:45.2261406Z 9d2753d762cc: Pulling fs layer
Scorecard analysis	Pull ghcr.io/ossf/scorecard-action:v2.4.4	2026-08-05T06:19:45.2261908Z 2780920e5dbf: Pulling fs layer
Scorecard analysis	Pull ghcr.io/ossf/scorecard-action:v2.4.4	2026-08-05T06:19:45.2262289Z 7c12895b777b: Pulling fs layer
Scorecard analysis	Pull ghcr.io/ossf/scorecard-action:v2.4.4	2026-08-05T06:19:45.2262714Z 3214acf345c0: Pulling fs layer
Scorecard analysis	Pull ghcr.io/ossf/scorecard-action:v2.4.4	2026-08-05T06:19:45.2263231Z 52630fc75a18: Pulling fs layer
Scorecard analysis	Pull ghcr.io/ossf/scorecard-action:v2.4.4	2026-08-05T06:19:45.2263609Z dd64bf2dd177: Pulling fs layer
Scorecard analysis	Pull ghcr.io/ossf/scorecard-action:v2.4.4	2026-08-05T06:19:45.2264061Z b839dfae01f6: Pulling fs layer
Scorecard analysis	Pull ghcr.io/ossf/scorecard-action:v2.4.4	2026-08-05T06:19:45.2264704Z 411e1c946a02: Pulling fs layer
Scorecard analysis	Pull ghcr.io/ossf/scorecard-action:v2.4.4	2026-08-05T06:19:45.2265252Z 77964957095d: Pulling fs layer
Scorecard analysis	Pull ghcr.io/ossf/scorecard-action:v2.4.4	2026-08-05T06:19:45.2266667Z 71f0f831b11e: Pulling fs layer
Scorecard analysis	Pull ghcr.io/ossf/scorecard-action:v2.4.4	2026-08-05T06:19:45.2267309Z ab5b9f04e505: Pulling fs layer
Scorecard analysis	Pull ghcr.io/ossf/scorecard-action:v2.4.4	2026-08-05T06:19:45.2267942Z 6c174cbb5f6c: Pulling fs layer
Scorecard analysis	Pull ghcr.io/ossf/scorecard-action:v2.4.4	2026-08-05T06:19:45.2269230Z b62c759db193: Pulling fs layer
Scorecard analysis	Pull ghcr.io/ossf/scorecard-action:v2.4.4	2026-08-05T06:19:45.2270385Z c22151a07876: Pulling fs layer
Scorecard analysis	Pull ghcr.io/ossf/scorecard-action:v2.4.4	2026-08-05T06:19:45.2271213Z 2264f289269f: Pulling fs layer
Scorecard analysis	Pull ghcr.io/ossf/scorecard-action:v2.4.4	2026-08-05T06:19:45.2272165Z b839dfae01f6: Waiting
Scorecard analysis	Pull ghcr.io/ossf/scorecard-action:v2.4.4	2026-08-05T06:19:45.2272803Z 411e1c946a02: Waiting
Scorecard analysis	Pull ghcr.io/ossf/scorecard-action:v2.4.4	2026-08-05T06:19:45.2274108Z 77964957095d: Waiting
Scorecard analysis	Pull ghcr.io/ossf/scorecard-action:v2.4.4	2026-08-05T06:19:45.2274929Z 71f0f831b11e: Waiting
Scorecard analysis	Pull ghcr.io/ossf/scorecard-action:v2.4.4	2026-08-05T06:19:45.2275905Z ab5b9f04e505: Waiting
Scorecard analysis	Pull ghcr.io/ossf/scorecard-action:v2.4.4	2026-08-05T06:19:45.2276839Z 9cd8e28f1c22: Waiting
Scorecard analysis	Pull ghcr.io/ossf/scorecard-action:v2.4.4	2026-08-05T06:19:45.2277593Z 9d2753d762cc: Waiting
Scorecard analysis	Pull ghcr.io/ossf/scorecard-action:v2.4.4	2026-08-05T06:19:45.2278210Z 2780920e5dbf: Waiting
Scorecard analysis	Pull ghcr.io/ossf/scorecard-action:v2.4.4	2026-08-05T06:19:45.2279060Z 7c12895b777b: Waiting
Scorecard analysis	Pull ghcr.io/ossf/scorecard-action:v2.4.4	2026-08-05T06:19:45.2279736Z 3214acf345c0: Waiting
Scorecard analysis	Pull ghcr.io/ossf/scorecard-action:v2.4.4	2026-08-05T06:19:45.2280339Z 52630fc75a18: Waiting
Scorecard analysis	Pull ghcr.io/ossf/scorecard-action:v2.4.4	2026-08-05T06:19:45.2280929Z dd64bf2dd177: Waiting
Scorecard analysis	Pull ghcr.io/ossf/scorecard-action:v2.4.4	2026-08-05T06:19:45.2281541Z 6c174cbb5f6c: Waiting
Scorecard analysis	Pull ghcr.io/ossf/scorecard-action:v2.4.4	2026-08-05T06:19:45.2282216Z b62c759db193: Waiting
Scorecard analysis	Pull ghcr.io/ossf/scorecard-action:v2.4.4	2026-08-05T06:19:45.2282796Z c22151a07876: Waiting
Scorecard analysis	Pull ghcr.io/ossf/scorecard-action:v2.4.4	2026-08-05T06:19:45.2283375Z 2264f289269f: Waiting
Scorecard analysis	Pull ghcr.io/ossf/scorecard-action:v2.4.4	2026-08-05T06:19:45.4084839Z 5b3013706a46: Verifying Checksum
Scorecard analysis	Pull ghcr.io/ossf/scorecard-action:v2.4.4	2026-08-05T06:19:45.4086048Z 5b3013706a46: Download complete
Scorecard analysis	Pull ghcr.io/ossf/scorecard-action:v2.4.4	2026-08-05T06:19:45.4089675Z 737574503653: Verifying Checksum
Scorecard analysis	Pull ghcr.io/ossf/scorecard-action:v2.4.4	2026-08-05T06:19:45.4090338Z 737574503653: Download complete
Scorecard analysis	Pull ghcr.io/ossf/scorecard-action:v2.4.4	2026-08-05T06:19:45.4091202Z 8029962f461f: Verifying Checksum
Scorecard analysis	Pull ghcr.io/ossf/scorecard-action:v2.4.4	2026-08-05T06:19:45.4091866Z 8029962f461f: Download complete
Scorecard analysis	Pull ghcr.io/ossf/scorecard-action:v2.4.4	2026-08-05T06:19:45.4314352Z 737574503653: Pull complete
Scorecard analysis	Pull ghcr.io/ossf/scorecard-action:v2.4.4	2026-08-05T06:19:45.5636025Z 9cd8e28f1c22: Verifying Checksum
Scorecard analysis	Pull ghcr.io/ossf/scorecard-action:v2.4.4	2026-08-05T06:19:45.5638441Z 9cd8e28f1c22: Download complete
Scorecard analysis	Pull ghcr.io/ossf/scorecard-action:v2.4.4	2026-08-05T06:19:45.6135450Z 2780920e5dbf: Download complete
Scorecard analysis	Pull ghcr.io/ossf/scorecard-action:v2.4.4	2026-08-05T06:19:45.6159538Z 9d2753d762cc: Verifying Checksum
Scorecard analysis	Pull ghcr.io/ossf/scorecard-action:v2.4.4	2026-08-05T06:19:45.6160638Z 9d2753d762cc: Download complete
Scorecard analysis	Pull ghcr.io/ossf/scorecard-action:v2.4.4	2026-08-05T06:19:45.7727980Z 3214acf345c0: Verifying Checksum
Scorecard analysis	Pull ghcr.io/ossf/scorecard-action:v2.4.4	2026-08-05T06:19:45.7729264Z 3214acf345c0: Download complete
Scorecard analysis	Pull ghcr.io/ossf/scorecard-action:v2.4.4	2026-08-05T06:19:45.7800481Z 7c12895b777b: Verifying Checksum
Scorecard analysis	Pull ghcr.io/ossf/scorecard-action:v2.4.4	2026-08-05T06:19:45.7801332Z 7c12895b777b: Download complete
Scorecard analysis	Pull ghcr.io/ossf/scorecard-action:v2.4.4	2026-08-05T06:19:45.7865253Z 52630fc75a18: Verifying Checksum
Scorecard analysis	Pull ghcr.io/ossf/scorecard-action:v2.4.4	2026-08-05T06:19:45.7866744Z 52630fc75a18: Download complete
Scorecard analysis	Pull ghcr.io/ossf/scorecard-action:v2.4.4	2026-08-05T06:19:45.9412877Z b839dfae01f6: Verifying Checksum
Scorecard analysis	Pull ghcr.io/ossf/scorecard-action:v2.4.4	2026-08-05T06:19:45.9414024Z b839dfae01f6: Download complete
Scorecard analysis	Pull ghcr.io/ossf/scorecard-action:v2.4.4	2026-08-05T06:19:45.9442167Z dd64bf2dd177: Verifying Checksum
Scorecard analysis	Pull ghcr.io/ossf/scorecard-action:v2.4.4	2026-08-05T06:19:45.9445838Z dd64bf2dd177: Download complete
Scorecard analysis	Pull ghcr.io/ossf/scorecard-action:v2.4.4	2026-08-05T06:19:46.0368078Z 411e1c946a02: Verifying Checksum
Scorecard analysis	Pull ghcr.io/ossf/scorecard-action:v2.4.4	2026-08-05T06:19:46.0371639Z 411e1c946a02: Download complete
Scorecard analysis	Pull ghcr.io/ossf/scorecard-action:v2.4.4	2026-08-05T06:19:46.1516318Z 77964957095d: Verifying Checksum
Scorecard analysis	Pull ghcr.io/ossf/scorecard-action:v2.4.4	2026-08-05T06:19:46.1525002Z 77964957095d: Download complete
Scorecard analysis	Pull ghcr.io/ossf/scorecard-action:v2.4.4	2026-08-05T06:19:46.2996312Z 71f0f831b11e: Download complete
Scorecard analysis	Pull ghcr.io/ossf/scorecard-action:v2.4.4	2026-08-05T06:19:46.3185043Z ab5b9f04e505: Download complete
Scorecard analysis	Pull ghcr.io/ossf/scorecard-action:v2.4.4	2026-08-05T06:19:46.4226700Z 6c174cbb5f6c: Download complete
Scorecard analysis	Pull ghcr.io/ossf/scorecard-action:v2.4.4	2026-08-05T06:19:46.4704636Z b62c759db193: Verifying Checksum
Scorecard analysis	Pull ghcr.io/ossf/scorecard-action:v2.4.4	2026-08-05T06:19:46.4705078Z b62c759db193: Download complete
Scorecard analysis	Pull ghcr.io/ossf/scorecard-action:v2.4.4	2026-08-05T06:19:46.5955842Z 2264f289269f: Verifying Checksum
Scorecard analysis	Pull ghcr.io/ossf/scorecard-action:v2.4.4	2026-08-05T06:19:46.5956803Z 2264f289269f: Download complete
Scorecard analysis	Pull ghcr.io/ossf/scorecard-action:v2.4.4	2026-08-05T06:19:46.6349504Z c22151a07876: Verifying Checksum
Scorecard analysis	Pull ghcr.io/ossf/scorecard-action:v2.4.4	2026-08-05T06:19:46.6350205Z c22151a07876: Download complete
Scorecard analysis	Pull ghcr.io/ossf/scorecard-action:v2.4.4	2026-08-05T06:19:47.9251402Z 5b3013706a46: Pull complete
Scorecard analysis	Pull ghcr.io/ossf/scorecard-action:v2.4.4	2026-08-05T06:19:48.1830417Z 8029962f461f: Pull complete
Scorecard analysis	Pull ghcr.io/ossf/scorecard-action:v2.4.4	2026-08-05T06:19:48.3622318Z 9cd8e28f1c22: Pull complete
Scorecard analysis	Pull ghcr.io/ossf/scorecard-action:v2.4.4	2026-08-05T06:19:48.3857548Z 9d2753d762cc: Pull complete
Scorecard analysis	Pull ghcr.io/ossf/scorecard-action:v2.4.4	2026-08-05T06:19:48.3961358Z 2780920e5dbf: Pull complete
Scorecard analysis	Pull ghcr.io/ossf/scorecard-action:v2.4.4	2026-08-05T06:19:48.4072612Z 7c12895b777b: Pull complete
Scorecard analysis	Pull ghcr.io/ossf/scorecard-action:v2.4.4	2026-08-05T06:19:48.4231144Z 3214acf345c0: Pull complete
Scorecard analysis	Pull ghcr.io/ossf/scorecard-action:v2.4.4	2026-08-05T06:19:48.4345230Z 52630fc75a18: Pull complete
Scorecard analysis	Pull ghcr.io/ossf/scorecard-action:v2.4.4	2026-08-05T06:19:48.4458629Z dd64bf2dd177: Pull complete
Scorecard analysis	Pull ghcr.io/ossf/scorecard-action:v2.4.4	2026-08-05T06:19:48.4597206Z b839dfae01f6: Pull complete
Scorecard analysis	Pull ghcr.io/ossf/scorecard-action:v2.4.4	2026-08-05T06:19:48.4766752Z 411e1c946a02: Pull complete
Scorecard analysis	Pull ghcr.io/ossf/scorecard-action:v2.4.4	2026-08-05T06:19:48.4904182Z 77964957095d: Pull complete
Scorecard analysis	Pull ghcr.io/ossf/scorecard-action:v2.4.4	2026-08-05T06:19:48.6685009Z 71f0f831b11e: Pull complete
Scorecard analysis	Pull ghcr.io/ossf/scorecard-action:v2.4.4	2026-08-05T06:19:48.7430818Z ab5b9f04e505: Pull complete
Scorecard analysis	Pull ghcr.io/ossf/scorecard-action:v2.4.4	2026-08-05T06:19:48.7680170Z 6c174cbb5f6c: Pull complete
Scorecard analysis	Pull ghcr.io/ossf/scorecard-action:v2.4.4	2026-08-05T06:19:48.7917352Z b62c759db193: Pull complete
Scorecard analysis	Pull ghcr.io/ossf/scorecard-action:v2.4.4	2026-08-05T06:19:49.9350554Z c22151a07876: Pull complete
Scorecard analysis	Pull ghcr.io/ossf/scorecard-action:v2.4.4	2026-08-05T06:19:49.9498319Z 2264f289269f: Pull complete
Scorecard analysis	Pull ghcr.io/ossf/scorecard-action:v2.4.4	2026-08-05T06:19:49.9564778Z Digest: sha256:ae5104dd3cc28466ebeb11144354be4cac4b7ff829654f9fab89021d71c46670
Scorecard analysis	Pull ghcr.io/ossf/scorecard-action:v2.4.4	2026-08-05T06:19:49.9583340Z Status: Downloaded newer image for ghcr.io/ossf/scorecard-action:v2.4.4
Scorecard analysis	Pull ghcr.io/ossf/scorecard-action:v2.4.4	2026-08-05T06:19:49.9599245Z ghcr.io/ossf/scorecard-action:v2.4.4
Scorecard analysis	Pull ghcr.io/ossf/scorecard-action:v2.4.4	2026-08-05T06:19:49.9639453Z ##[endgroup]
Scorecard analysis	Checkout code	∩╗┐2026-08-05T06:19:49.9993271Z ##[group]Run actions/checkout@3d3c42e5aac5ba805825da76410c181273ba90b1
Scorecard analysis	Checkout code	2026-08-05T06:19:49.9994092Z with:
Scorecard analysis	Checkout code	2026-08-05T06:19:49.9994520Z   persist-credentials: false
Scorecard analysis	Checkout code	2026-08-05T06:19:49.9994937Z   repository: shashi-chin/ossf-scorecard-lab
Scorecard analysis	Checkout code	2026-08-05T06:19:49.9997798Z   token: ***
Scorecard analysis	Checkout code	2026-08-05T06:19:49.9998124Z   ssh-strict: true
Scorecard analysis	Checkout code	2026-08-05T06:19:49.9998424Z   ssh-user: git
Scorecard analysis	Checkout code	2026-08-05T06:19:49.9999073Z   clean: true
Scorecard analysis	Checkout code	2026-08-05T06:19:49.9999545Z   sparse-checkout-cone-mode: true
Scorecard analysis	Checkout code	2026-08-05T06:19:49.9999930Z   fetch-depth: 1
Scorecard analysis	Checkout code	2026-08-05T06:19:50.0000323Z   fetch-tags: false
Scorecard analysis	Checkout code	2026-08-05T06:19:50.0000631Z   show-progress: true
Scorecard analysis	Checkout code	2026-08-05T06:19:50.0000967Z   lfs: false
Scorecard analysis	Checkout code	2026-08-05T06:19:50.0001264Z   submodules: false
Scorecard analysis	Checkout code	2026-08-05T06:19:50.0001626Z   set-safe-directory: true
Scorecard analysis	Checkout code	2026-08-05T06:19:50.0002008Z   allow-unsafe-pr-checkout: false
Scorecard analysis	Checkout code	2026-08-05T06:19:50.0002724Z ##[endgroup]
Scorecard analysis	Checkout code	2026-08-05T06:19:50.1346067Z Syncing repository: shashi-chin/ossf-scorecard-lab
Scorecard analysis	Checkout code	2026-08-05T06:19:50.1348347Z ##[group]Getting Git version info
Scorecard analysis	Checkout code	2026-08-05T06:19:50.1349415Z Working directory is '/home/runner/work/ossf-scorecard-lab/ossf-scorecard-lab'
Scorecard analysis	Checkout code	2026-08-05T06:19:50.1350465Z [command]/usr/bin/git version
Scorecard analysis	Checkout code	2026-08-05T06:19:50.1425365Z git version 2.54.0
Scorecard analysis	Checkout code	2026-08-05T06:19:50.1477910Z ##[endgroup]
Scorecard analysis	Checkout code	2026-08-05T06:19:50.1495043Z Temporarily overriding HOME='/home/runner/work/_temp/9fb15f32-ba7f-4c4d-be44-f7dd2c0ce321' before making global git config changes
Scorecard analysis	Checkout code	2026-08-05T06:19:50.1496582Z Adding repository directory to the temporary git global config as a safe directory
Scorecard analysis	Checkout code	2026-08-05T06:19:50.1498005Z [command]/usr/bin/git config --global --add safe.directory /home/runner/work/ossf-scorecard-lab/ossf-scorecard-lab
Scorecard analysis	Checkout code	2026-08-05T06:19:50.1565034Z Deleting the contents of '/home/runner/work/ossf-scorecard-lab/ossf-scorecard-lab'
Scorecard analysis	Checkout code	2026-08-05T06:19:50.1567232Z ##[group]Determining repository object format
Scorecard analysis	Checkout code	2026-08-05T06:19:50.1568638Z ##[endgroup]
Scorecard analysis	Checkout code	2026-08-05T06:19:50.1570606Z ##[group]Initializing the repository
Scorecard analysis	Checkout code	2026-08-05T06:19:50.1583062Z [command]/usr/bin/git init /home/runner/work/ossf-scorecard-lab/ossf-scorecard-lab
Scorecard analysis	Checkout code	2026-08-05T06:19:50.1759757Z hint: Using 'master' as the name for the initial branch. This default branch name
Scorecard analysis	Checkout code	2026-08-05T06:19:50.1761112Z hint: will change to "main" in Git 3.0. To configure the initial branch name
Scorecard analysis	Checkout code	2026-08-05T06:19:50.1800108Z hint: to use in all of your new repositories, which will suppress this warning,
Scorecard analysis	Checkout code	2026-08-05T06:19:50.1801161Z hint: call:
Scorecard analysis	Checkout code	2026-08-05T06:19:50.1802162Z hint:
Scorecard analysis	Checkout code	2026-08-05T06:19:50.1803033Z hint: 	git config --global init.defaultBranch <name>
Scorecard analysis	Checkout code	2026-08-05T06:19:50.1851015Z hint:
Scorecard analysis	Checkout code	2026-08-05T06:19:50.1851909Z hint: Names commonly chosen instead of 'master' are 'main', 'trunk' and
Scorecard analysis	Checkout code	2026-08-05T06:19:50.1853477Z hint: 'development'. The just-created branch can be renamed via this command:
Scorecard analysis	Checkout code	2026-08-05T06:19:50.1854420Z hint:
Scorecard analysis	Checkout code	2026-08-05T06:19:50.1904420Z hint: 	git branch -m <name>
Scorecard analysis	Checkout code	2026-08-05T06:19:50.1904949Z hint:
Scorecard analysis	Checkout code	2026-08-05T06:19:50.1905956Z hint: Disable this message with "git config set advice.defaultBranchName false"
Scorecard analysis	Checkout code	2026-08-05T06:19:50.1907120Z Initialized empty Git repository in /home/runner/work/ossf-scorecard-lab/ossf-scorecard-lab/.git/
Scorecard analysis	Checkout code	2026-08-05T06:19:50.1920397Z [command]/usr/bin/git remote add origin https://github.com/shashi-chin/ossf-scorecard-lab
Scorecard analysis	Checkout code	2026-08-05T06:19:50.1950505Z ##[endgroup]
Scorecard analysis	Checkout code	2026-08-05T06:19:50.1954187Z ##[group]Disabling automatic garbage collection
Scorecard analysis	Checkout code	2026-08-05T06:19:50.1955148Z [command]/usr/bin/git config --local gc.auto 0
Scorecard analysis	Checkout code	2026-08-05T06:19:50.1957485Z ##[endgroup]
Scorecard analysis	Checkout code	2026-08-05T06:19:50.1959911Z ##[group]Setting up auth
Scorecard analysis	Checkout code	2026-08-05T06:19:50.1963209Z Removing SSH command configuration
Scorecard analysis	Checkout code	2026-08-05T06:19:50.1970656Z [command]/usr/bin/git config --local --name-only --get-regexp core\.sshCommand
Scorecard analysis	Checkout code	2026-08-05T06:19:50.1976137Z [command]/usr/bin/git submodule foreach --recursive sh -c "git config --local --name-only --get-regexp 'core\.sshCommand' && git config --local --unset-all 'core.sshCommand' || :"
Scorecard analysis	Checkout code	2026-08-05T06:19:50.2439451Z Removing HTTP extra header
Scorecard analysis	Checkout code	2026-08-05T06:19:50.2461221Z [command]/usr/bin/git config --local --name-only --get-regexp http\.https\:\/\/github\.com\/\.extraheader
Scorecard analysis	Checkout code	2026-08-05T06:19:50.2524910Z [command]/usr/bin/git submodule foreach --recursive sh -c "git config --local --name-only --get-regexp 'http\.https\:\/\/github\.com\/\.extraheader' && git config --local --unset-all 'http.https://github.com/.extraheader' || :"
Scorecard analysis	Checkout code	2026-08-05T06:19:50.3009916Z Removing includeIf entries pointing to credentials config files
Scorecard analysis	Checkout code	2026-08-05T06:19:50.3027096Z [command]/usr/bin/git config --local --name-only --get-regexp ^includeIf\.gitdir:
Scorecard analysis	Checkout code	2026-08-05T06:19:50.3034021Z [command]/usr/bin/git submodule foreach --recursive git config --local --show-origin --name-only --get-regexp remote.origin.url
Scorecard analysis	Checkout code	2026-08-05T06:19:50.3402188Z [command]/usr/bin/git config --file /home/runner/work/_temp/git-credentials-674aaed6-3e76-4b32-89be-757094386127.config http.https://github.com/.extraheader AUTHORIZATION: basic ***
Scorecard analysis	Checkout code	2026-08-05T06:19:50.3423803Z [command]/usr/bin/git config --local includeIf.gitdir:/home/runner/work/ossf-scorecard-lab/ossf-scorecard-lab/.git.path /home/runner/work/_temp/git-credentials-674aaed6-3e76-4b32-89be-757094386127.config
Scorecard analysis	Checkout code	2026-08-05T06:19:50.3481840Z [command]/usr/bin/git config --local includeIf.gitdir:/home/runner/work/ossf-scorecard-lab/ossf-scorecard-lab/.git/worktrees/*.path /home/runner/work/_temp/git-credentials-674aaed6-3e76-4b32-89be-757094386127.config
Scorecard analysis	Checkout code	2026-08-05T06:19:50.3546809Z [command]/usr/bin/git config --local includeIf.gitdir:/github/workspace/.git.path /github/runner_temp/git-credentials-674aaed6-3e76-4b32-89be-757094386127.config
Scorecard analysis	Checkout code	2026-08-05T06:19:50.3698425Z [command]/usr/bin/git config --local includeIf.gitdir:/github/workspace/.git/worktrees/*.path /github/runner_temp/git-credentials-674aaed6-3e76-4b32-89be-757094386127.config
Scorecard analysis	Checkout code	2026-08-05T06:19:50.3704132Z ##[endgroup]
Scorecard analysis	Checkout code	2026-08-05T06:19:50.3708007Z ##[group]Fetching the repository
Scorecard analysis	Checkout code	2026-08-05T06:19:50.3710006Z [command]/usr/bin/git -c protocol.version=2 fetch --no-tags --prune --no-recurse-submodules --depth=1 origin +d2d2e515d1f7401b252a32c83e4ec6ed3143c461:refs/remotes/origin/main
Scorecard analysis	Checkout code	2026-08-05T06:19:50.8100331Z From https://github.com/shashi-chin/ossf-scorecard-lab
Scorecard analysis	Checkout code	2026-08-05T06:19:50.8102787Z  * [new ref]         d2d2e515d1f7401b252a32c83e4ec6ed3143c461 -> origin/main
Scorecard analysis	Checkout code	2026-08-05T06:19:50.8139559Z [command]/usr/bin/git branch --list --remote origin/main
Scorecard analysis	Checkout code	2026-08-05T06:19:50.8177431Z   origin/main
Scorecard analysis	Checkout code	2026-08-05T06:19:50.8190075Z [command]/usr/bin/git rev-parse refs/remotes/origin/main
Scorecard analysis	Checkout code	2026-08-05T06:19:50.8220754Z d2d2e515d1f7401b252a32c83e4ec6ed3143c461
Scorecard analysis	Checkout code	2026-08-05T06:19:50.8226981Z ##[endgroup]
Scorecard analysis	Checkout code	2026-08-05T06:19:50.8228026Z ##[group]Determining the checkout info
Scorecard analysis	Checkout code	2026-08-05T06:19:50.8229499Z ##[endgroup]
Scorecard analysis	Checkout code	2026-08-05T06:19:50.8234887Z [command]/usr/bin/git sparse-checkout disable
Scorecard analysis	Checkout code	2026-08-05T06:19:50.8296287Z [command]/usr/bin/git config --local --unset-all extensions.worktreeConfig
Scorecard analysis	Checkout code	2026-08-05T06:19:50.8335586Z ##[group]Checking out the ref
Scorecard analysis	Checkout code	2026-08-05T06:19:50.8340924Z [command]/usr/bin/git checkout --progress --force -B main refs/remotes/origin/main
Scorecard analysis	Checkout code	2026-08-05T06:19:50.8402302Z Switched to a new branch 'main'
Scorecard analysis	Checkout code	2026-08-05T06:19:50.8408077Z branch 'main' set up to track 'origin/main'.
Scorecard analysis	Checkout code	2026-08-05T06:19:50.8421812Z ##[endgroup]
Scorecard analysis	Checkout code	2026-08-05T06:19:50.8474986Z [command]/usr/bin/git log -1 --format=%H
Scorecard analysis	Checkout code	2026-08-05T06:19:50.8509708Z d2d2e515d1f7401b252a32c83e4ec6ed3143c461
Scorecard analysis	Checkout code	2026-08-05T06:19:50.8529926Z ##[group]Removing auth
Scorecard analysis	Checkout code	2026-08-05T06:19:50.8530499Z Removing SSH command configuration
Scorecard analysis	Checkout code	2026-08-05T06:19:50.8537107Z [command]/usr/bin/git config --local --name-only --get-regexp core\.sshCommand
Scorecard analysis	Checkout code	2026-08-05T06:19:50.8579985Z [command]/usr/bin/git submodule foreach --recursive sh -c "git config --local --name-only --get-regexp 'core\.sshCommand' && git config --local --unset-all 'core.sshCommand' || :"
Scorecard analysis	Checkout code	2026-08-05T06:19:50.8831968Z Removing HTTP extra header
Scorecard analysis	Checkout code	2026-08-05T06:19:50.8837008Z [command]/usr/bin/git config --local --name-only --get-regexp http\.https\:\/\/github\.com\/\.extraheader
Scorecard analysis	Checkout code	2026-08-05T06:19:50.8879478Z [command]/usr/bin/git submodule foreach --recursive sh -c "git config --local --name-only --get-regexp 'http\.https\:\/\/github\.com\/\.extraheader' && git config --local --unset-all 'http.https://github.com/.extraheader' || :"
Scorecard analysis	Checkout code	2026-08-05T06:19:50.9124475Z Removing includeIf entries pointing to credentials config files
Scorecard analysis	Checkout code	2026-08-05T06:19:50.9128295Z [command]/usr/bin/git config --local --name-only --get-regexp ^includeIf\.gitdir:
Scorecard analysis	Checkout code	2026-08-05T06:19:50.9163519Z includeif.gitdir:/home/runner/work/ossf-scorecard-lab/ossf-scorecard-lab/.git.path
Scorecard analysis	Checkout code	2026-08-05T06:19:50.9164782Z includeif.gitdir:/home/runner/work/ossf-scorecard-lab/ossf-scorecard-lab/.git/worktrees/*.path
Scorecard analysis	Checkout code	2026-08-05T06:19:50.9179945Z includeif.gitdir:/github/workspace/.git.path
Scorecard analysis	Checkout code	2026-08-05T06:19:50.9180814Z includeif.gitdir:/github/workspace/.git/worktrees/*.path
Scorecard analysis	Checkout code	2026-08-05T06:19:50.9184227Z [command]/usr/bin/git config --local --get-all includeif.gitdir:/home/runner/work/ossf-scorecard-lab/ossf-scorecard-lab/.git.path
Scorecard analysis	Checkout code	2026-08-05T06:19:50.9215376Z /home/runner/work/_temp/git-credentials-674aaed6-3e76-4b32-89be-757094386127.config
Scorecard analysis	Checkout code	2026-08-05T06:19:50.9233589Z [command]/usr/bin/git config --local --unset includeif.gitdir:/home/runner/work/ossf-scorecard-lab/ossf-scorecard-lab/.git.path \/home\/runner\/work\/_temp\/git\-credentials\-674aaed6\-3e76\-4b32\-89be\-757094386127\.config
Scorecard analysis	Checkout code	2026-08-05T06:19:50.9271066Z [command]/usr/bin/git config --local --get-all includeif.gitdir:/home/runner/work/ossf-scorecard-lab/ossf-scorecard-lab/.git/worktrees/*.path
Scorecard analysis	Checkout code	2026-08-05T06:19:50.9313815Z /home/runner/work/_temp/git-credentials-674aaed6-3e76-4b32-89be-757094386127.config
Scorecard analysis	Checkout code	2026-08-05T06:19:50.9323890Z [command]/usr/bin/git config --local --unset includeif.gitdir:/home/runner/work/ossf-scorecard-lab/ossf-scorecard-lab/.git/worktrees/*.path \/home\/runner\/work\/_temp\/git\-credentials\-674aaed6\-3e76\-4b32\-89be\-757094386127\.config
Scorecard analysis	Checkout code	2026-08-05T06:19:50.9366891Z [command]/usr/bin/git config --local --get-all includeif.gitdir:/github/workspace/.git.path
Scorecard analysis	Checkout code	2026-08-05T06:19:50.9440106Z /github/runner_temp/git-credentials-674aaed6-3e76-4b32-89be-757094386127.config
Scorecard analysis	Checkout code	2026-08-05T06:19:50.9482284Z [command]/usr/bin/git config --local --unset includeif.gitdir:/github/workspace/.git.path \/github\/runner_temp\/git\-credentials\-674aaed6\-3e76\-4b32\-89be\-757094386127\.config
Scorecard analysis	Checkout code	2026-08-05T06:19:50.9544371Z [command]/usr/bin/git config --local --get-all includeif.gitdir:/github/workspace/.git/worktrees/*.path
Scorecard analysis	Checkout code	2026-08-05T06:19:50.9574692Z /github/runner_temp/git-credentials-674aaed6-3e76-4b32-89be-757094386127.config
Scorecard analysis	Checkout code	2026-08-05T06:19:50.9584951Z [command]/usr/bin/git config --local --unset includeif.gitdir:/github/workspace/.git/worktrees/*.path \/github\/runner_temp\/git\-credentials\-674aaed6\-3e76\-4b32\-89be\-757094386127\.config
Scorecard analysis	Checkout code	2026-08-05T06:19:50.9628317Z [command]/usr/bin/git submodule foreach --recursive git config --local --show-origin --name-only --get-regexp remote.origin.url
Scorecard analysis	Checkout code	2026-08-05T06:19:50.9874277Z Removing credentials config '/home/runner/work/_temp/git-credentials-674aaed6-3e76-4b32-89be-757094386127.config'
Scorecard analysis	Checkout code	2026-08-05T06:19:50.9879359Z ##[endgroup]
Scorecard analysis	Run analysis	∩╗┐2026-08-05T06:19:51.0095427Z ##[group]Run ossf/scorecard-action@2d1146689b8cda280b9bc96326124645441f03bc
Scorecard analysis	Run analysis	2026-08-05T06:19:51.0095860Z with:
Scorecard analysis	Run analysis	2026-08-05T06:19:51.0096069Z   results_file: results.sarif
Scorecard analysis	Run analysis	2026-08-05T06:19:51.0096317Z   results_format: sarif
Scorecard analysis	Run analysis	2026-08-05T06:19:51.0096553Z   publish_results: false
Scorecard analysis	Run analysis	2026-08-05T06:19:51.0099374Z   repo_token: ***
Scorecard analysis	Run analysis	2026-08-05T06:19:51.0099606Z   file_mode: archive
Scorecard analysis	Run analysis	2026-08-05T06:19:51.0099887Z   internal_publish_base_url: https://api.scorecard.dev
Scorecard analysis	Run analysis	2026-08-05T06:19:51.0102620Z   internal_default_token: ***
Scorecard analysis	Run analysis	2026-08-05T06:19:51.0102877Z ##[endgroup]
Scorecard analysis	Run analysis	2026-08-05T06:19:51.0215714Z ##[command]/usr/bin/docker run --name ghcrioossfscorecardactionv244_b9f53b --label e16a42 --workdir /github/workspace --rm -e "INPUT_RESULTS_FILE" -e "INPUT_RESULTS_FORMAT" -e "INPUT_PUBLISH_RESULTS" -e "INPUT_REPO_TOKEN" -e "INPUT_FILE_MODE" -e "INPUT_INTERNAL_PUBLISH_BASE_URL" -e "INPUT_INTERNAL_DEFAULT_TOKEN" -e "HOME" -e "GITHUB_JOB" -e "GITHUB_REF" -e "GITHUB_SHA" -e "GITHUB_REPOSITORY" -e "GITHUB_REPOSITORY_OWNER" -e "GITHUB_REPOSITORY_OWNER_ID" -e "GITHUB_RUN_ID" -e "GITHUB_RUN_NUMBER" -e "GITHUB_RETENTION_DAYS" -e "GITHUB_RUN_ATTEMPT" -e "GITHUB_ACTOR_ID" -e "GITHUB_ACTOR" -e "GITHUB_WORKFLOW" -e "GITHUB_HEAD_REF" -e "GITHUB_BASE_REF" -e "GITHUB_EVENT_NAME" -e "GITHUB_SERVER_URL" -e "GITHUB_API_URL" -e "GITHUB_GRAPHQL_URL" -e "GITHUB_REF_NAME" -e "GITHUB_REF_PROTECTED" -e "GITHUB_REF_TYPE" -e "GITHUB_WORKFLOW_REF" -e "GITHUB_WORKFLOW_SHA" -e "GITHUB_REPOSITORY_ID" -e "GITHUB_TRIGGERING_ACTOR" -e "GITHUB_WORKSPACE" -e "GITHUB_ACTION" -e "GITHUB_EVENT_PATH" -e "GITHUB_ACTION_REPOSITORY" -e "GITHUB_ACTION_REF" -e "GITHUB_PATH" -e "GITHUB_ENV" -e "GITHUB_STEP_SUMMARY" -e "GITHUB_STATE" -e "GITHUB_OUTPUT" -e "GITHUB_ARTIFACTS" -e "GITHUB_ARTIFACTS_LIST" -e "RUNNER_OS" -e "RUNNER_ARCH" -e "RUNNER_NAME" -e "RUNNER_ENVIRONMENT" -e "RUNNER_TOOL_CACHE" -e "RUNNER_TEMP" -e "RUNNER_WORKSPACE" -e "ACTIONS_RUNTIME_URL" -e "ACTIONS_RUNTIME_TOKEN" -e "ACTIONS_CACHE_URL" -e "ACTIONS_ID_TOKEN_REQUEST_URL" -e "ACTIONS_ID_TOKEN_REQUEST_TOKEN" -e "ACTIONS_RESULTS_URL" -e "ACTIONS_ORCHESTRATION_ID" -e GITHUB_ACTIONS=true -e CI=true -v "/var/run/docker.sock":"/var/run/docker.sock" -v "/home/runner/work/_temp":"/github/runner_temp" -v "/home/runner/work/_temp/_github_home":"/github/home" -v "/home/runner/work/_temp/_github_workflow":"/github/workflow" -v "/home/runner/work/_temp/_runner_file_commands":"/github/file_commands" -v "/home/runner/work/ossf-scorecard-lab/ossf-scorecard-lab":"/github/workspace" ghcr.io/ossf/scorecard-action:v2.4.4
Scorecard analysis	Run analysis	2026-08-05T06:19:51.3312033Z 2026/08/05 06:19:51 getting repo info from file: /github/workflow/event.json
Scorecard analysis	Run analysis	2026-08-05T06:19:51.3313924Z 2026/08/05 06:19:51 {
Scorecard analysis	Run analysis	2026-08-05T06:19:51.3314415Z "after": "d2d2e515d1f7401b252a32c83e4ec6ed3143c461",
Scorecard analysis	Run analysis	2026-08-05T06:19:51.3315198Z "base_ref": null,
Scorecard analysis	Run analysis	2026-08-05T06:19:51.3315654Z "before": "0496ccd25d8219b31d4481cd8927ace6bcb76c7a",
Scorecard analysis	Run analysis	2026-08-05T06:19:51.3316461Z "commits": [
Scorecard analysis	Run analysis	2026-08-05T06:19:51.3316796Z {
Scorecard analysis	Run analysis	2026-08-05T06:19:51.3317098Z "author": {
Scorecard analysis	Run analysis	2026-08-05T06:19:51.3319004Z "email": "3274616+shashi-chin@users.noreply.github.com",
Scorecard analysis	Run analysis	2026-08-05T06:19:51.3319968Z "name": "Chester Wasanthadewa",
Scorecard analysis	Run analysis	2026-08-05T06:19:51.3320426Z "username": "shashi-chin"
Scorecard analysis	Run analysis	2026-08-05T06:19:51.3321000Z },
Scorecard analysis	Run analysis	2026-08-05T06:19:51.3321309Z "committer": {
Scorecard analysis	Run analysis	2026-08-05T06:19:51.3321979Z "email": "3274616+shashi-chin@users.noreply.github.com",
Scorecard analysis	Run analysis	2026-08-05T06:19:51.3322657Z "name": "Chester Wasanthadewa",
Scorecard analysis	Run analysis	2026-08-05T06:19:51.3323179Z "username": "shashi-chin"
Scorecard analysis	Run analysis	2026-08-05T06:19:51.3323674Z },
Scorecard analysis	Run analysis	2026-08-05T06:19:51.3324068Z "distinct": true,
Scorecard analysis	Run analysis	2026-08-05T06:19:51.3324555Z "id": "d2d2e515d1f7401b252a32c83e4ec6ed3143c461",
Scorecard analysis	Run analysis	2026-08-05T06:19:51.3325596Z "message": "Fix Scorecard workflow action pins to official SHAs.\n\nCo-authored-by: Cursor <cursoragent@cursor.com>",
Scorecard analysis	Run analysis	2026-08-05T06:19:51.3326713Z "timestamp": "2026-08-05T16:19:32+10:00",
Scorecard analysis	Run analysis	2026-08-05T06:19:51.3327368Z "tree_id": "57cac1c482a44c7dbcb90daf53660eab84abd248",
Scorecard analysis	Run analysis	2026-08-05T06:19:51.3328425Z "url": "https://github.com/shashi-chin/ossf-scorecard-lab/commit/d2d2e515d1f7401b252a32c83e4ec6ed3143c461"
Scorecard analysis	Run analysis	2026-08-05T06:19:51.3335784Z }
Scorecard analysis	Run analysis	2026-08-05T06:19:51.3336071Z ],
Scorecard analysis	Run analysis	2026-08-05T06:19:51.3336710Z "compare": "https://github.com/shashi-chin/ossf-scorecard-lab/compare/0496ccd25d82...d2d2e515d1f7",
Scorecard analysis	Run analysis	2026-08-05T06:19:51.3337511Z "created": false,
Scorecard analysis	Run analysis	2026-08-05T06:19:51.3337864Z "deleted": false,
Scorecard analysis	Run analysis	2026-08-05T06:19:51.3338195Z "forced": false,
Scorecard analysis	Run analysis	2026-08-05T06:19:51.3338555Z "head_commit": {
Scorecard analysis	Run analysis	2026-08-05T06:19:51.3354455Z "author": {
Scorecard analysis	Run analysis	2026-08-05T06:19:51.3354917Z "email": "3274616+shashi-chin@users.noreply.github.com",
Scorecard analysis	Run analysis	2026-08-05T06:19:51.3355492Z "name": "Chester Wasanthadewa",
Scorecard analysis	Run analysis	2026-08-05T06:19:51.3355937Z "username": "shashi-chin"
Scorecard analysis	Run analysis	2026-08-05T06:19:51.3356309Z },
Scorecard analysis	Run analysis	2026-08-05T06:19:51.3356606Z "committer": {
Scorecard analysis	Run analysis	2026-08-05T06:19:51.3357045Z "email": "3274616+shashi-chin@users.noreply.github.com",
Scorecard analysis	Run analysis	2026-08-05T06:19:51.3357604Z "name": "Chester Wasanthadewa",
Scorecard analysis	Run analysis	2026-08-05T06:19:51.3358297Z "username": "shashi-chin"
Scorecard analysis	Run analysis	2026-08-05T06:19:51.3358667Z },
Scorecard analysis	Run analysis	2026-08-05T06:19:51.3359185Z "distinct": true,
Scorecard analysis	Run analysis	2026-08-05T06:19:51.3359595Z "id": "d2d2e515d1f7401b252a32c83e4ec6ed3143c461",
Scorecard analysis	Run analysis	2026-08-05T06:19:51.3360554Z "message": "Fix Scorecard workflow action pins to official SHAs.\n\nCo-authored-by: Cursor <cursoragent@cursor.com>",
Scorecard analysis	Run analysis	2026-08-05T06:19:51.3361329Z "timestamp": "2026-08-05T16:19:32+10:00",
Scorecard analysis	Run analysis	2026-08-05T06:19:51.3361661Z "tree_id": "57cac1c482a44c7dbcb90daf53660eab84abd248",
Scorecard analysis	Run analysis	2026-08-05T06:19:51.3362245Z "url": "https://github.com/shashi-chin/ossf-scorecard-lab/commit/d2d2e515d1f7401b252a32c83e4ec6ed3143c461"
Scorecard analysis	Run analysis	2026-08-05T06:19:51.3363212Z },
Scorecard analysis	Run analysis	2026-08-05T06:19:51.3363504Z "pusher": {
Scorecard analysis	Run analysis	2026-08-05T06:19:51.3363921Z "email": "3274616+shashi-chin@users.noreply.github.com",
Scorecard analysis	Run analysis	2026-08-05T06:19:51.3364464Z "name": "shashi-chin"
Scorecard analysis	Run analysis	2026-08-05T06:19:51.3364813Z },
Scorecard analysis	Run analysis	2026-08-05T06:19:51.3365128Z "ref": "refs/heads/main",
Scorecard analysis	Run analysis	2026-08-05T06:19:51.3365518Z "repository": {
Scorecard analysis	Run analysis	2026-08-05T06:19:51.3365864Z "allow_forking": true,
Scorecard analysis	Run analysis	2026-08-05T06:19:51.3366596Z "archive_url": "https://api.github.com/repos/shashi-chin/ossf-scorecard-lab/{archive_format}{/ref}",
Scorecard analysis	Run analysis	2026-08-05T06:19:51.3367426Z "archived": false,
Scorecard analysis	Run analysis	2026-08-05T06:19:51.3368100Z "assignees_url": "https://api.github.com/repos/shashi-chin/ossf-scorecard-lab/assignees{/user}",
Scorecard analysis	Run analysis	2026-08-05T06:19:51.3369456Z "blobs_url": "https://api.github.com/repos/shashi-chin/ossf-scorecard-lab/git/blobs{/sha}",
Scorecard analysis	Run analysis	2026-08-05T06:19:51.3370514Z "branches_url": "https://api.github.com/repos/shashi-chin/ossf-scorecard-lab/branches{/branch}",
Scorecard analysis	Run analysis	2026-08-05T06:19:51.3371408Z "clone_url": "https://github.com/shashi-chin/ossf-scorecard-lab.git",
Scorecard analysis	Run analysis	2026-08-05T06:19:51.3372392Z "collaborators_url": "https://api.github.com/repos/shashi-chin/ossf-scorecard-lab/collaborators{/collaborator}",
Scorecard analysis	Run analysis	2026-08-05T06:19:51.3373582Z "comments_url": "https://api.github.com/repos/shashi-chin/ossf-scorecard-lab/comments{/number}",
Scorecard analysis	Run analysis	2026-08-05T06:19:51.3374677Z "commits_url": "https://api.github.com/repos/shashi-chin/ossf-scorecard-lab/commits{/sha}",
Scorecard analysis	Run analysis	2026-08-05T06:19:51.3377532Z "compare_url": "https://api.github.com/repos/shashi-chin/ossf-scorecard-lab/compare/{base}...{head}",
Scorecard analysis	Run analysis	2026-08-05T06:19:51.3379213Z "contents_url": "https://api.github.com/repos/shashi-chin/ossf-scorecard-lab/contents/{+path}",
Scorecard analysis	Run analysis	2026-08-05T06:19:51.3381232Z "contributors_url": "https://api.github.com/repos/shashi-chin/ossf-scorecard-lab/contributors",
Scorecard analysis	Run analysis	2026-08-05T06:19:51.3382583Z "created_at": 1785910413,
Scorecard analysis	Run analysis	2026-08-05T06:19:51.3383121Z "default_branch": "main",
Scorecard analysis	Run analysis	2026-08-05T06:19:51.3384056Z "deployments_url": "https://api.github.com/repos/shashi-chin/ossf-scorecard-lab/deployments",
Scorecard analysis	Run analysis	2026-08-05T06:19:51.3384852Z "description": "Lab repo to explore OpenSSF Scorecard Action capabilities",
Scorecard analysis	Run analysis	2026-08-05T06:19:51.3385257Z "disabled": false,
Scorecard analysis	Run analysis	2026-08-05T06:19:51.3385659Z "downloads_url": "https://api.github.com/repos/shashi-chin/ossf-scorecard-lab/downloads",
Scorecard analysis	Run analysis	2026-08-05T06:19:51.3386267Z "events_url": "https://api.github.com/repos/shashi-chin/ossf-scorecard-lab/events",
Scorecard analysis	Run analysis	2026-08-05T06:19:51.3386684Z "fork": false,
Scorecard analysis	Run analysis	2026-08-05T06:19:51.3386879Z "forks": 0,
Scorecard analysis	Run analysis	2026-08-05T06:19:51.3387066Z "forks_count": 0,
Scorecard analysis	Run analysis	2026-08-05T06:19:51.3387602Z "forks_url": "https://api.github.com/repos/shashi-chin/ossf-scorecard-lab/forks",
Scorecard analysis	Run analysis	2026-08-05T06:19:51.3388037Z "full_name": "shashi-chin/ossf-scorecard-lab",
Scorecard analysis	Run analysis	2026-08-05T06:19:51.3388525Z "git_commits_url": "https://api.github.com/repos/shashi-chin/ossf-scorecard-lab/git/commits{/sha}",
Scorecard analysis	Run analysis	2026-08-05T06:19:51.3390487Z "git_refs_url": "https://api.github.com/repos/shashi-chin/ossf-scorecard-lab/git/refs{/sha}",
Scorecard analysis	Run analysis	2026-08-05T06:19:51.3391782Z "git_tags_url": "https://api.github.com/repos/shashi-chin/ossf-scorecard-lab/git/tags{/sha}",
Scorecard analysis	Run analysis	2026-08-05T06:19:51.3392351Z "git_url": "git://github.com/shashi-chin/ossf-scorecard-lab.git",
Scorecard analysis	Run analysis	2026-08-05T06:19:51.3392859Z "has_discussions": false,
Scorecard analysis	Run analysis	2026-08-05T06:19:51.3393289Z "has_downloads": true,
Scorecard analysis	Run analysis	2026-08-05T06:19:51.3393680Z "has_issues": true,
Scorecard analysis	Run analysis	2026-08-05T06:19:51.3394004Z "has_pages": false,
Scorecard analysis	Run analysis	2026-08-05T06:19:51.3394338Z "has_projects": true,
Scorecard analysis	Run analysis	2026-08-05T06:19:51.3395016Z "has_pull_requests": true,
Scorecard analysis	Run analysis	2026-08-05T06:19:51.3395441Z "has_wiki": false,
Scorecard analysis	Run analysis	2026-08-05T06:19:51.3395823Z "homepage": null,
Scorecard analysis	Run analysis	2026-08-05T06:19:51.3396450Z "hooks_url": "https://api.github.com/repos/shashi-chin/ossf-scorecard-lab/hooks",
Scorecard analysis	Run analysis	2026-08-05T06:19:51.3397051Z "html_url": "https://github.com/shashi-chin/ossf-scorecard-lab",
Scorecard analysis	Run analysis	2026-08-05T06:19:51.3397629Z "id": 1323699150,
Scorecard analysis	Run analysis	2026-08-05T06:19:51.3397847Z "is_template": false,
Scorecard analysis	Run analysis	2026-08-05T06:19:51.3398427Z "issue_comment_url": "https://api.github.com/repos/shashi-chin/ossf-scorecard-lab/issues/comments{/number}",
Scorecard analysis	Run analysis	2026-08-05T06:19:51.3399374Z "issue_events_url": "https://api.github.com/repos/shashi-chin/ossf-scorecard-lab/issues/events{/number}",
Scorecard analysis	Run analysis	2026-08-05T06:19:51.3400131Z "issues_url": "https://api.github.com/repos/shashi-chin/ossf-scorecard-lab/issues{/number}",
Scorecard analysis	Run analysis	2026-08-05T06:19:51.3400740Z "keys_url": "https://api.github.com/repos/shashi-chin/ossf-scorecard-lab/keys{/key_id}",
Scorecard analysis	Run analysis	2026-08-05T06:19:51.3401319Z "labels_url": "https://api.github.com/repos/shashi-chin/ossf-scorecard-lab/labels{/name}",
Scorecard analysis	Run analysis	2026-08-05T06:19:51.3401753Z "language": null,
Scorecard analysis	Run analysis	2026-08-05T06:19:51.3402121Z "languages_url": "https://api.github.com/repos/shashi-chin/ossf-scorecard-lab/languages",
Scorecard analysis	Run analysis	2026-08-05T06:19:51.3402536Z "license": {
Scorecard analysis	Run analysis	2026-08-05T06:19:51.3402729Z "key": "mit",
Scorecard analysis	Run analysis	2026-08-05T06:19:51.3402929Z "name": "MIT License",
Scorecard analysis	Run analysis	2026-08-05T06:19:51.3403155Z "node_id": "MDc6TGljZW5zZTEz",
Scorecard analysis	Run analysis	2026-08-05T06:19:51.3403392Z "spdx_id": "MIT",
Scorecard analysis	Run analysis	2026-08-05T06:19:51.3403627Z "url": "https://api.github.com/licenses/mit"
Scorecard analysis	Run analysis	2026-08-05T06:19:51.3403905Z },
Scorecard analysis	Run analysis	2026-08-05T06:19:51.3404089Z "master_branch": "main",
Scorecard analysis	Run analysis	2026-08-05T06:19:51.3404456Z "merges_url": "https://api.github.com/repos/shashi-chin/ossf-scorecard-lab/merges",
Scorecard analysis	Run analysis	2026-08-05T06:19:51.3405059Z "milestones_url": "https://api.github.com/repos/shashi-chin/ossf-scorecard-lab/milestones{/number}",
Scorecard analysis	Run analysis	2026-08-05T06:19:51.3405533Z "mirror_url": null,
Scorecard analysis	Run analysis	2026-08-05T06:19:51.3405752Z "name": "ossf-scorecard-lab",
Scorecard analysis	Run analysis	2026-08-05T06:19:51.3406002Z "node_id": "R_kgDOTuYLzg",
Scorecard analysis	Run analysis	2026-08-05T06:19:51.3406531Z "notifications_url": "https://api.github.com/repos/shashi-chin/ossf-scorecard-lab/notifications{?since,all,participating}",
Scorecard analysis	Run analysis	2026-08-05T06:19:51.3407092Z "open_issues": 2,
Scorecard analysis	Run analysis	2026-08-05T06:19:51.3407305Z "open_issues_count": 2,
Scorecard analysis	Run analysis	2026-08-05T06:19:51.3407523Z "owner": {
Scorecard analysis	Run analysis	2026-08-05T06:19:51.3407817Z "avatar_url": "https://avatars.githubusercontent.com/u/3274616?v=4",
Scorecard analysis	Run analysis	2026-08-05T06:19:51.3408239Z "email": "3274616+shashi-chin@users.noreply.github.com",
Scorecard analysis	Run analysis	2026-08-05T06:19:51.3408669Z "events_url": "https://api.github.com/users/shashi-chin/events{/privacy}",
Scorecard analysis	Run analysis	2026-08-05T06:19:51.3409367Z "followers_url": "https://api.github.com/users/shashi-chin/followers",
Scorecard analysis	Run analysis	2026-08-05T06:19:51.3409865Z "following_url": "https://api.github.com/users/shashi-chin/following{/other_user}",
Scorecard analysis	Run analysis	2026-08-05T06:19:51.3410366Z "gists_url": "https://api.github.com/users/shashi-chin/gists{/gist_id}",
Scorecard analysis	Run analysis	2026-08-05T06:19:51.3410734Z "gravatar_id": "",
Scorecard analysis	Run analysis	2026-08-05T06:19:51.3410978Z "html_url": "https://github.com/shashi-chin",
Scorecard analysis	Run analysis	2026-08-05T06:19:51.3411266Z "id": 3274616,
Scorecard analysis	Run analysis	2026-08-05T06:19:51.3411472Z "login": "shashi-chin",
Scorecard analysis	Run analysis	2026-08-05T06:19:51.3411693Z "name": "shashi-chin",
Scorecard analysis	Run analysis	2026-08-05T06:19:51.3412105Z "node_id": "MDQ6VXNlcjMyNzQ2MTY=",
Scorecard analysis	Run analysis	2026-08-05T06:19:51.3412465Z "organizations_url": "https://api.github.com/users/shashi-chin/orgs",
Scorecard analysis	Run analysis	2026-08-05T06:19:51.3412966Z "received_events_url": "https://api.github.com/users/shashi-chin/received_events",
Scorecard analysis	Run analysis	2026-08-05T06:19:51.3413444Z "repos_url": "https://api.github.com/users/shashi-chin/repos",
Scorecard analysis	Run analysis	2026-08-05T06:19:51.3413778Z "site_admin": false,
Scorecard analysis	Run analysis	2026-08-05T06:19:51.3414127Z "starred_url": "https://api.github.com/users/shashi-chin/starred{/owner}{/repo}",
Scorecard analysis	Run analysis	2026-08-05T06:19:51.3414648Z "subscriptions_url": "https://api.github.com/users/shashi-chin/subscriptions",
Scorecard analysis	Run analysis	2026-08-05T06:19:51.3415036Z "type": "User",
Scorecard analysis	Run analysis	2026-08-05T06:19:51.3415283Z "url": "https://api.github.com/users/shashi-chin",
Scorecard analysis	Run analysis	2026-08-05T06:19:51.3415594Z "user_view_type": "public"
Scorecard analysis	Run analysis	2026-08-05T06:19:51.3415814Z },
Scorecard analysis	Run analysis	2026-08-05T06:19:51.3416109Z "private": true,
Scorecard analysis	Run analysis	2026-08-05T06:19:51.3416331Z "pull_request_creation_policy": "all",
Scorecard analysis	Run analysis	2026-08-05T06:19:51.3416760Z "pulls_url": "https://api.github.com/repos/shashi-chin/ossf-scorecard-lab/pulls{/number}",
Scorecard analysis	Run analysis	2026-08-05T06:19:51.3417202Z "pushed_at": 1785910774,
Scorecard analysis	Run analysis	2026-08-05T06:19:51.3417611Z "releases_url": "https://api.github.com/repos/shashi-chin/ossf-scorecard-lab/releases{/id}",
Scorecard analysis	Run analysis	2026-08-05T06:19:51.3418052Z "size": 0,
Scorecard analysis	Run analysis	2026-08-05T06:19:51.3418322Z "ssh_url": "git@github.com:shashi-chin/ossf-scorecard-lab.git",
Scorecard analysis	Run analysis	2026-08-05T06:19:51.3418660Z "stargazers": 0,
Scorecard analysis	Run analysis	2026-08-05T06:19:51.3419115Z "stargazers_count": 0,
Scorecard analysis	Run analysis	2026-08-05T06:19:51.3419521Z "stargazers_url": "https://api.github.com/repos/shashi-chin/ossf-scorecard-lab/stargazers",
Scorecard analysis	Run analysis	2026-08-05T06:19:51.3420135Z "statuses_url": "https://api.github.com/repos/shashi-chin/ossf-scorecard-lab/statuses/{sha}",
Scorecard analysis	Run analysis	2026-08-05T06:19:51.3420747Z "subscribers_url": "https://api.github.com/repos/shashi-chin/ossf-scorecard-lab/subscribers",
Scorecard analysis	Run analysis	2026-08-05T06:19:51.3421373Z "subscription_url": "https://api.github.com/repos/shashi-chin/ossf-scorecard-lab/subscription",
Scorecard analysis	Run analysis	2026-08-05T06:19:51.3421908Z "svn_url": "https://github.com/shashi-chin/ossf-scorecard-lab",
Scorecard analysis	Run analysis	2026-08-05T06:19:51.3422371Z "tags_url": "https://api.github.com/repos/shashi-chin/ossf-scorecard-lab/tags",
Scorecard analysis	Run analysis	2026-08-05T06:19:51.3422893Z "teams_url": "https://api.github.com/repos/shashi-chin/ossf-scorecard-lab/teams",
Scorecard analysis	Run analysis	2026-08-05T06:19:51.3423287Z "topics": [],
Scorecard analysis	Run analysis	2026-08-05T06:19:51.3423643Z "trees_url": "https://api.github.com/repos/shashi-chin/ossf-scorecard-lab/git/trees{/sha}",
Scorecard analysis	Run analysis	2026-08-05T06:19:51.3424085Z "updated_at": "2026-08-05T06:16:21Z",
Scorecard analysis	Run analysis	2026-08-05T06:19:51.3424436Z "url": "https://api.github.com/repos/shashi-chin/ossf-scorecard-lab",
Scorecard analysis	Run analysis	2026-08-05T06:19:51.3424802Z "visibility": "private",
Scorecard analysis	Run analysis	2026-08-05T06:19:51.3425025Z "watchers": 0,
Scorecard analysis	Run analysis	2026-08-05T06:19:51.3425225Z "watchers_count": 0,
Scorecard analysis	Run analysis	2026-08-05T06:19:51.3425451Z "web_commit_signoff_required": false
Scorecard analysis	Run analysis	2026-08-05T06:19:51.3425699Z },
Scorecard analysis	Run analysis	2026-08-05T06:19:51.3425880Z "sender": {
Scorecard analysis	Run analysis	2026-08-05T06:19:51.3426180Z "avatar_url": "https://avatars.githubusercontent.com/u/3274616?v=4",
Scorecard analysis	Run analysis	2026-08-05T06:19:51.3426694Z "events_url": "https://api.github.com/users/shashi-chin/events{/privacy}",
Scorecard analysis	Run analysis	2026-08-05T06:19:51.3427176Z "followers_url": "https://api.github.com/users/shashi-chin/followers",
Scorecard analysis	Run analysis	2026-08-05T06:19:51.3427672Z "following_url": "https://api.github.com/users/shashi-chin/following{/other_user}",
Scorecard analysis	Run analysis	2026-08-05T06:19:51.3428175Z "gists_url": "https://api.github.com/users/shashi-chin/gists{/gist_id}",
Scorecard analysis	Run analysis	2026-08-05T06:19:51.3428540Z "gravatar_id": "",
Scorecard analysis	Run analysis	2026-08-05T06:19:51.3429020Z "html_url": "https://github.com/shashi-chin",
Scorecard analysis	Run analysis	2026-08-05T06:19:51.3429333Z "id": 3274616,
Scorecard analysis	Run analysis	2026-08-05T06:19:51.3429539Z "login": "shashi-chin",
Scorecard analysis	Run analysis	2026-08-05T06:19:51.3429785Z "node_id": "MDQ6VXNlcjMyNzQ2MTY=",
Scorecard analysis	Run analysis	2026-08-05T06:19:51.3430143Z "organizations_url": "https://api.github.com/users/shashi-chin/orgs",
Scorecard analysis	Run analysis	2026-08-05T06:19:51.3430641Z "received_events_url": "https://api.github.com/users/shashi-chin/received_events",
Scorecard analysis	Run analysis	2026-08-05T06:19:51.3431132Z "repos_url": "https://api.github.com/users/shashi-chin/repos",
Scorecard analysis	Run analysis	2026-08-05T06:19:51.3431470Z "site_admin": false,
Scorecard analysis	Run analysis	2026-08-05T06:19:51.3431966Z "starred_url": "https://api.github.com/users/shashi-chin/starred{/owner}{/repo}",
Scorecard analysis	Run analysis	2026-08-05T06:19:51.3432493Z "subscriptions_url": "https://api.github.com/users/shashi-chin/subscriptions",
Scorecard analysis	Run analysis	2026-08-05T06:19:51.3432882Z "type": "User",
Scorecard analysis	Run analysis	2026-08-05T06:19:51.3433128Z "url": "https://api.github.com/users/shashi-chin",
Scorecard analysis	Run analysis	2026-08-05T06:19:51.3433433Z "user_view_type": "public"
Scorecard analysis	Run analysis	2026-08-05T06:19:51.3433649Z }
Scorecard analysis	Run analysis	2026-08-05T06:19:51.3433821Z }
Scorecard analysis	Run analysis	2026-08-05T06:19:51.3436537Z EnvGithubAuthToken: GITHUB_AUTH_TOKEN ***
Scorecard analysis	Run analysis	2026-08-05T06:19:51.3436840Z Scorecard options:
Scorecard analysis	Run analysis	2026-08-05T06:19:51.3437048Z   Ref: HEAD
Scorecard analysis	Run analysis	2026-08-05T06:19:51.3437272Z   Repository: shashi-chin/ossf-scorecard-lab
Scorecard analysis	Run analysis	2026-08-05T06:19:51.3437553Z   Local: 
Scorecard analysis	Run analysis	2026-08-05T06:19:51.3437738Z   Format: sarif
Scorecard analysis	Run analysis	2026-08-05T06:19:51.3437983Z   Policy file: /policy.yml
Scorecard analysis	Run analysis	2026-08-05T06:19:51.3438136Z 
Scorecard analysis	Run analysis	2026-08-05T06:19:51.3438356Z Event / repo information:
Scorecard analysis	Run analysis	2026-08-05T06:19:51.3438603Z   Event file: /github/workflow/event.json
Scorecard analysis	Run analysis	2026-08-05T06:19:51.3439026Z   Event name: push
Scorecard analysis	Run analysis	2026-08-05T06:19:51.3439244Z   Fork repository: false
Scorecard analysis	Run analysis	2026-08-05T06:19:51.3439479Z   Private repository: true
Scorecard analysis	Run analysis	2026-08-05T06:19:51.3439721Z   Publication enabled: false
Scorecard analysis	Run analysis	2026-08-05T06:19:51.3439958Z   Default branch: main
Scorecard analysis	Run analysis	2026-08-05T06:19:54.7974516Z {
Scorecard analysis	Run analysis	2026-08-05T06:19:54.7980641Z    "$schema": "https://raw.githubusercontent.com/oasis-tcs/sarif-spec/main/sarif-2.1/schema/sarif-schema-2.1.0.json",
Scorecard analysis	Run analysis	2026-08-05T06:19:54.7981616Z    "version": "2.1.0",
Scorecard analysis	Run analysis	2026-08-05T06:19:54.7981997Z    "runs": [
Scorecard analysis	Run analysis	2026-08-05T06:19:54.7982322Z       {
Scorecard analysis	Run analysis	2026-08-05T06:19:54.7982662Z          "automationDetails": {
Scorecard analysis	Run analysis	2026-08-05T06:19:54.7983517Z             "id": "supply-chain/branch-protection/c395761df6afe1a69e476bc60a013a94bcbc153f-05 Aug 26 06:19 +0000"
Scorecard analysis	Run analysis	2026-08-05T06:19:54.7984376Z          },
Scorecard analysis	Run analysis	2026-08-05T06:19:54.7984690Z          "tool": {
Scorecard analysis	Run analysis	2026-08-05T06:19:54.7985021Z             "driver": {
Scorecard analysis	Run analysis	2026-08-05T06:19:54.7985433Z                "name": "Scorecard",
Scorecard analysis	Run analysis	2026-08-05T06:19:54.7985986Z                "informationUri": "https://github.com/ossf/scorecard",
Scorecard analysis	Run analysis	2026-08-05T06:19:54.7986607Z                "semanticVersion": "v5.5.0",
Scorecard analysis	Run analysis	2026-08-05T06:19:54.7987057Z                "rules": [
Scorecard analysis	Run analysis	2026-08-05T06:19:54.7987414Z                   {
Scorecard analysis	Run analysis	2026-08-05T06:19:54.7987790Z                      "id": "BranchProtectionID",
Scorecard analysis	Run analysis	2026-08-05T06:19:54.7988301Z                      "name": "Branch-Protection",
Scorecard analysis	Run analysis	2026-08-05T06:19:54.7996778Z                      "helpUri": "https://github.com/ossf/scorecard/blob/c395761df6afe1a69e476bc60a013a94bcbc153f/docs/checks.md#branch-protection",
Scorecard analysis	Run analysis	2026-08-05T06:19:54.7997490Z                      "shortDescription": {
Scorecard analysis	Run analysis	2026-08-05T06:19:54.7997794Z                         "text": "Branch-Protection"
Scorecard analysis	Run analysis	2026-08-05T06:19:54.7998074Z                      },
Scorecard analysis	Run analysis	2026-08-05T06:19:54.7998306Z                      "fullDescription": {
Scorecard analysis	Run analysis	2026-08-05T06:19:54.8003449Z                         "text": "Determines if the default and release branches are protected with GitHub's branch protection settings."
Scorecard analysis	Run analysis	2026-08-05T06:19:54.8004861Z                      },
Scorecard analysis	Run analysis	2026-08-05T06:19:54.8005266Z                      "help": {
Scorecard analysis	Run analysis	2026-08-05T06:19:54.8014013Z                         "text": "Determines if the default and release branches are protected with GitHub's branch protection settings.",
Scorecard analysis	Run analysis	2026-08-05T06:19:54.8069425Z                         "markdown": "**Remediation (click \"Show more\" below)**:\n\n- Enable branch protection settings in your source hosting provider to avoid force pushes or deletion of your important branches.\n\n- For GitHub, check out the steps for rulesets [here](https://docs.github.com/en/repositories/configuring-branches-and-merges-in-your-repository/managing-rulesets/creating-rulesets-for-a-repository) and rules [here](https://docs.github.com/en/github/administering-a-repository/managing-a-branch-protection-rule).\n\n\n\n**Severity**: High\n\n\n\n**Details**:\n\nRisk: `High` (vulnerable to intentional malicious code injection)\n\n\n\nThis check determines whether a project's default and release branches are\n\nprotected with GitHub's [branch protection](https://docs.github.com/github/administering-a-repository/defining-the-mergeability-of-pull-requests/about-protected-branches) \n\nor [repository rules](https://docs.github.com/repositories/configuring-branches-and-merges-in-your-repository/managing-rulesets/about-rulesets) settings.\n\nBranch protection allows maintainers to define rules that enforce\n\ncertain workflows for branches, such as requiring review or passing certain\n\nstatus checks before acceptance into a main branch, or preventing rewriting of\n\npublic history.\n\n\n\nNote: The following settings queried by the Branch-Protection check require an admin token: `DismissStaleReviews`, `EnforceAdmins`, `RequireLastPushApproval`, `RequiresStatusChecks` and `UpToDateBeforeMerge`. If\n\nthe provided token does not have admin access, the check will query the branch\n\nsettings accessible to non-admins and provide results based only on these settings.\n\nHowever, all of these settings are accessible via Repo Rules. `EnforceAdmins` is calculated slightly differently.\n\nThis setting is calculated as `false` if any [Bypass Actors](https://docs.github.com/repositories/configuring-branches-and-merges-in-your-repository/managing-rulesets/creating-rulesets-for-a-repository#granting-bypass-permissions-for-your-ruleset)\n\n are defined on any rule, regardless of if they are admins.\n\n\n\nDifferent types of branch protection protect against different risks:\n\n\n\n  - Require code review: \n\n    - requires at least one reviewer, which greatly\n\n    reduces the risk that a compromised contributor can inject malicious code.\n\n    Review also increases the likelihood that an unintentional vulnerability in\n\n    a contribution will be detected and fixed before the change is accepted.\n\n\n\n    - requiring two or more reviewers protects even more from the insider risk \n\n    whereby a compromised contributor can be used by an attacker to LGTM \n\n    the attacker PR and inject a malicious code as if it was legit.\n\n\n\n  - Prevent force push: prevents use of the `--force` command on public\n\n    branches, which overwrites code irrevocably. This protection prevents the\n\n    rewriting of public history without external notice.\n\n\n\n  - Require [status checks](https://docs.github.com/en/github/collaborating-with-pull-requests/collaborating-on-repositories-with-code-quality-features/about-status-checks):\n\n    ensures that all required CI tests are met before a change is accepted.\n\n\n\nAlthough requiring code review can greatly reduce the chance that\n\nunintentional or malicious code enters the \"main\" branch, it is not feasible for\n\nall projects, such as those that don't have many active participants. For more\n\ndiscussion, see [Code Reviews](https://github.com/ossf/scorecard/blob/main/docs/checks.md#code-review).\n\n\n\nAdditionally, in some cases these rules will need to be suspended. For example,\n\nif a past commit includes illegal content such as child pornography, it may be\n\nnecessary to use a force push to rewrite the history rather than simply hide the\n\ncommit.\n\n\n\nThis test has tiered scoring. Each tier must be fully satisfied to achieve points at the next tier. For example, if you fulfill the Tier 3 checks but do not fulfill all the Tier 2 checks, you will not receive any points for Tier 3.\n\n\n\nNote: If Scorecard is run without an administrative access token, the requirements that specify ΓÇ£For administratorsΓÇ¥ can be safely ignored, and scores will be determined as if all such requirements have been met.\n\n\n\nTier 1 Requirements (3/10 points):\n\n  - Prevent force push\n\n  - Prevent branch deletion\n\n\n\nTier 2 Requirements (6/10 points):\n\n  - Require at least 1 reviewer for approval before merging (for administrators, this requirement weights twice than the others in this tier)\n\n  - For administrators: Require PRs prior to make any code changes\n\n  - For administrators: Require branch to be up to date before merging\n\n  - For administrators: Require approval of the most recent reviewable push\n\n\n\nTier 3 Requirements (8/10 points):\n\n  - Require branch to pass at least 1 status check before merging\n\n\n\nTier 4 Requirements (9/10 points):\n\n  - Require at least 2 reviewers for approval before merging\n\n  - Require review from code owners\n\n\n\nTier 5 Requirements (10/10 points):\n\n  - For administrators: Dismiss stale reviews and approvals when new commits are pushed\n\n  - For administrators: Include administrator for review\n\n\n\nGitLab Integration Status:\n\n  - GitLab associates releases with commits and not with the branch. Releases are ignored in this portion of the scoring.\n\n"
Scorecard analysis	Run analysis	2026-08-05T06:19:54.8115008Z                      },
Scorecard analysis	Run analysis	2026-08-05T06:19:54.8115593Z                      "defaultConfiguration": {
Scorecard analysis	Run analysis	2026-08-05T06:19:54.8116097Z                         "level": "error"
Scorecard analysis	Run analysis	2026-08-05T06:19:54.8116526Z                      },
Scorecard analysis	Run analysis	2026-08-05T06:19:54.8116897Z                      "properties": {
Scorecard analysis	Run analysis	2026-08-05T06:19:54.8117698Z                         "precision": "high",
Scorecard analysis	Run analysis	2026-08-05T06:19:54.8118213Z                         "problem.severity": "error",
Scorecard analysis	Run analysis	2026-08-05T06:19:54.8119904Z                         "security-severity": "7.0",
Scorecard analysis	Run analysis	2026-08-05T06:19:54.8120440Z                         "tags": [
Scorecard analysis	Run analysis	2026-08-05T06:19:54.8121124Z                            "supply-chain",
Scorecard analysis	Run analysis	2026-08-05T06:19:54.8121570Z                            "security",
Scorecard analysis	Run analysis	2026-08-05T06:19:54.8121981Z                            "source-code",
Scorecard analysis	Run analysis	2026-08-05T06:19:54.8122416Z                            "code-reviews"
Scorecard analysis	Run analysis	2026-08-05T06:19:54.8122830Z                         ]
Scorecard analysis	Run analysis	2026-08-05T06:19:54.8123187Z                      }
Scorecard analysis	Run analysis	2026-08-05T06:19:54.8123516Z                   }
Scorecard analysis	Run analysis	2026-08-05T06:19:54.8123829Z                ]
Scorecard analysis	Run analysis	2026-08-05T06:19:54.8124137Z             }
Scorecard analysis	Run analysis	2026-08-05T06:19:54.8124450Z          },
Scorecard analysis	Run analysis	2026-08-05T06:19:54.8124925Z          "results": [
Scorecard analysis	Run analysis	2026-08-05T06:19:54.8125263Z             {
Scorecard analysis	Run analysis	2026-08-05T06:19:54.8125648Z                "ruleId": "BranchProtectionID",
Scorecard analysis	Run analysis	2026-08-05T06:19:54.8126138Z                "ruleIndex": 0,
Scorecard analysis	Run analysis	2026-08-05T06:19:54.8126516Z                "message": {
Scorecard analysis	Run analysis	2026-08-05T06:19:54.8128447Z                   "text": "score is 0: branch protection not enabled on development/release branches:\nWarn: branch protection not enabled for branch 'main'\nClick Remediation section below to solve this issue"
Scorecard analysis	Run analysis	2026-08-05T06:19:54.8132489Z                },
Scorecard analysis	Run analysis	2026-08-05T06:19:54.8132850Z                "locations": [
Scorecard analysis	Run analysis	2026-08-05T06:19:54.8133239Z                   {
Scorecard analysis	Run analysis	2026-08-05T06:19:54.8133609Z                      "physicalLocation": {
Scorecard analysis	Run analysis	2026-08-05T06:19:54.8134052Z                         "region": {
Scorecard analysis	Run analysis	2026-08-05T06:19:54.8134459Z                            "startLine": 1
Scorecard analysis	Run analysis	2026-08-05T06:19:54.8134871Z                         },
Scorecard analysis	Run analysis	2026-08-05T06:19:54.8135249Z                         "artifactLocation": {
Scorecard analysis	Run analysis	2026-08-05T06:19:54.8135821Z                            "uri": "no file associated with this alert",
Scorecard analysis	Run analysis	2026-08-05T06:19:54.8136378Z                            "uriBaseId": "%SRCROOT%"
Scorecard analysis	Run analysis	2026-08-05T06:19:54.8136830Z                         }
Scorecard analysis	Run analysis	2026-08-05T06:19:54.8137172Z                      }
Scorecard analysis	Run analysis	2026-08-05T06:19:54.8137514Z                   }
Scorecard analysis	Run analysis	2026-08-05T06:19:54.8137830Z                ]
Scorecard analysis	Run analysis	2026-08-05T06:19:54.8138167Z             }
Scorecard analysis	Run analysis	2026-08-05T06:19:54.8138470Z          ]
Scorecard analysis	Run analysis	2026-08-05T06:19:54.8138975Z       },
Scorecard analysis	Run analysis	2026-08-05T06:19:54.8139290Z       {
Scorecard analysis	Run analysis	2026-08-05T06:19:54.8139620Z          "automationDetails": {
Scorecard analysis	Run analysis	2026-08-05T06:19:54.8140411Z             "id": "supply-chain/local/c395761df6afe1a69e476bc60a013a94bcbc153f-05 Aug 26 06:19 +0000"
Scorecard analysis	Run analysis	2026-08-05T06:19:54.8141190Z          },
Scorecard analysis	Run analysis	2026-08-05T06:19:54.8141502Z          "tool": {
Scorecard analysis	Run analysis	2026-08-05T06:19:54.8141852Z             "driver": {
Scorecard analysis	Run analysis	2026-08-05T06:19:54.8142217Z                "name": "Scorecard",
Scorecard analysis	Run analysis	2026-08-05T06:19:54.8143444Z                "informationUri": "https://github.com/ossf/scorecard",
Scorecard analysis	Run analysis	2026-08-05T06:19:54.8144075Z                "semanticVersion": "v5.5.0",
Scorecard analysis	Run analysis	2026-08-05T06:19:54.8144539Z                "rules": [
Scorecard analysis	Run analysis	2026-08-05T06:19:54.8144906Z                   {
Scorecard analysis	Run analysis	2026-08-05T06:19:54.8145287Z                      "id": "DangerousWorkflowID",
Scorecard analysis	Run analysis	2026-08-05T06:19:54.8146102Z                      "name": "Dangerous-Workflow",
Scorecard analysis	Run analysis	2026-08-05T06:19:54.8147194Z                      "helpUri": "https://github.com/ossf/scorecard/blob/c395761df6afe1a69e476bc60a013a94bcbc153f/docs/checks.md#dangerous-workflow",
Scorecard analysis	Run analysis	2026-08-05T06:19:54.8148290Z                      "shortDescription": {
Scorecard analysis	Run analysis	2026-08-05T06:19:54.8148998Z                         "text": "Dangerous-Workflow"
Scorecard analysis	Run analysis	2026-08-05T06:19:54.8149494Z                      },
Scorecard analysis	Run analysis	2026-08-05T06:19:54.8149871Z                      "fullDescription": {
Scorecard analysis	Run analysis	2026-08-05T06:19:54.8150769Z                         "text": "Determines if the project's GitHub Action workflows avoid dangerous patterns."
Scorecard analysis	Run analysis	2026-08-05T06:19:54.8151581Z                      },
Scorecard analysis	Run analysis	2026-08-05T06:19:54.8151947Z                      "help": {
Scorecard analysis	Run analysis	2026-08-05T06:19:54.8152666Z                         "text": "Determines if the project's GitHub Action workflows avoid dangerous patterns.",
Scorecard analysis	Run analysis	2026-08-05T06:19:54.8169406Z                         "markdown": "**Remediation (click \"Show more\" below)**:\n\n- Avoid the dangerous workflow patterns. See this [post](https://securitylab.github.com/research/github-actions-preventing-pwn-requests/) for information on avoiding untrusted code checkouts. See this [document](https://docs.github.com/en/actions/security-guides/security-hardening-for-github-actions#understanding-the-risk-of-script-injections) for information on avoiding and mitigating the risk of script injections.\n\n\n\n**Severity**: Critical\n\n\n\n**Details**:\n\nRisk: `Critical`  (vulnerable to repository compromise)\n\n\n\nThis check determines whether the project's GitHub Action workflows has dangerous\n\ncode patterns. Some examples of these patterns are untrusted code checkouts,\n\nlogging github context and secrets, or use of potentially untrusted inputs in scripts.\n\nThe following patterns are checked:\n\n\n\nUntrusted Code Checkout: This is the misuse of potentially dangerous triggers.\n\nThis checks if a `pull_request_target` or `workflow_run` workflow trigger was used in conjunction\n\nwith an explicit pull request checkout. Workflows triggered with `pull_request_target` / `workflow_run`\n\nhave write permission to the target repository and access to target repository\n\nsecrets. With the PR checkout, PR authors may compromise the repository, for\n\nexample, by using build scripts controlled by the author of the PR or reading\n\ntoken in memory. This check does not detect whether untrusted code checkouts are\n\nused safely, for example, only on pull request that have been assigned a label.\n\n\n\nScript Injection with Untrusted Context Variables: This pattern detects whether a\n\nworkflow's inline script may execute untrusted input from attackers. This occurs when\n\nan attacker adds malicious commands and scripts to a context. When a workflow runs,\n\nthese strings may be interpreted as code that is executed on the runner. Attackers\n\ncan add their own content to certain github context variables that are considered\n\nuntrusted, for example, `github.event.issue.title`. These values should not flow\n\ndirectly into executable code.\n\n\n\nThe highest score is awarded when all workflows avoid the dangerous code patterns.\n\n"
Scorecard analysis	Run analysis	2026-08-05T06:19:54.8186174Z                      },
Scorecard analysis	Run analysis	2026-08-05T06:19:54.8186797Z                      "defaultConfiguration": {
Scorecard analysis	Run analysis	2026-08-05T06:19:54.8188487Z                         "level": "error"
Scorecard analysis	Run analysis	2026-08-05T06:19:54.8189210Z                      },
Scorecard analysis	Run analysis	2026-08-05T06:19:54.8189590Z                      "properties": {
Scorecard analysis	Run analysis	2026-08-05T06:19:54.8190250Z                         "precision": "high",
Scorecard analysis	Run analysis	2026-08-05T06:19:54.8190752Z                         "problem.severity": "error",
Scorecard analysis	Run analysis	2026-08-05T06:19:54.8191458Z                         "security-severity": "9.0",
Scorecard analysis	Run analysis	2026-08-05T06:19:54.8191934Z                         "tags": [
Scorecard analysis	Run analysis	2026-08-05T06:19:54.8192559Z                            "supply-chain",
Scorecard analysis	Run analysis	2026-08-05T06:19:54.8192988Z                            "security",
Scorecard analysis	Run analysis	2026-08-05T06:19:54.8193646Z                            "infrastructure"
Scorecard analysis	Run analysis	2026-08-05T06:19:54.8194053Z                         ]
Scorecard analysis	Run analysis	2026-08-05T06:19:54.8194953Z                      }
Scorecard analysis	Run analysis	2026-08-05T06:19:54.8195274Z                   },
Scorecard analysis	Run analysis	2026-08-05T06:19:54.8195586Z                   {
Scorecard analysis	Run analysis	2026-08-05T06:19:54.8196209Z                      "id": "SecurityPolicyID",
Scorecard analysis	Run analysis	2026-08-05T06:19:54.8196683Z                      "name": "Security-Policy",
Scorecard analysis	Run analysis	2026-08-05T06:19:54.8197940Z                      "helpUri": "https://github.com/ossf/scorecard/blob/c395761df6afe1a69e476bc60a013a94bcbc153f/docs/checks.md#security-policy",
Scorecard analysis	Run analysis	2026-08-05T06:19:54.8199200Z                      "shortDescription": {
Scorecard analysis	Run analysis	2026-08-05T06:19:54.8199949Z                         "text": "Security-Policy"
Scorecard analysis	Run analysis	2026-08-05T06:19:54.8201004Z                      },
Scorecard analysis	Run analysis	2026-08-05T06:19:54.8201837Z                      "fullDescription": {
Scorecard analysis	Run analysis	2026-08-05T06:19:54.8202708Z                         "text": "Determines if the project has published a security policy."
Scorecard analysis	Run analysis	2026-08-05T06:19:54.8204519Z                      },
Scorecard analysis	Run analysis	2026-08-05T06:19:54.8204902Z                      "help": {
Scorecard analysis	Run analysis	2026-08-05T06:19:54.8206004Z                         "text": "Determines if the project has published a security policy.",
Scorecard analysis	Run analysis	2026-08-05T06:19:54.8239732Z                         "markdown": "**Remediation (click \"Show more\" below)**:\n\n- Place a security policy file `SECURITY.md` in the root directory of your repository. This makes it easily discoverable by a vulnerability reporter.\n\n- The file should contain information on what constitutes a vulnerability and a way to report it securely (e.g. issue tracker with private issue support, encrypted email with a published public key). Follow the [coordinated vulnerability disclosure guidelines](https://github.com/ossf/oss-vulnerability-guide/blob/main/maintainer-guide.md) to respond to vulnerability disclosures.\n\n- For GitHub, see more information [here](https://docs.github.com/en/code-security/getting-started/adding-a-security-policy-to-your-repository).\n\n\n\n**Severity**: Medium\n\n\n\n**Details**:\n\nRisk: `Medium` (possible insecure reporting of vulnerabilities)\n\n\n\nThis check tries to determine if the project has published a security policy. It\n\nworks by looking for a file named `SECURITY.md` (case-insensitive) in a few\n\nwell-known directories.\n\n\n\nA security policy (typically a `SECURITY.md` file) can give users information\n\nabout what constitutes a vulnerability and how to report one securely so that\n\ninformation about a bug is not publicly visible.\n\n\n\nThis check examines the contents of the security policy file awarding points\n\nfor those policies that express vulnerability process(es), disclosure timelines,\n\nand have links (e.g., URL(s) and email(s)) to support the users.\n\n\n\nLinking Requirements (one or more) (6/10 points):\n\n  - A valid form of an email address to contact for vulnerabilities\n\n  - A valid form of a http/https address to support vulnerability reporting\n\n\n\nFree Form Text (3/10 points):\n\n  - Free form text is present in the security policy file which is beyond\n\n    simply having a http/https address and/or email in the file\n\n  - The string length of any such links in the policy file do not count\n\n    towards detecting free form text\n\n\n\nSecurity Policy Specific Text (1/10 points):\n\n  - Specific text providing basic or general information about vulnerability\n\n    and disclosure practices, expectations, and/or timelines\n\n  - Text should include a total of 2 or more hits which match (case-insensitive)\n\n    `vuln` and as in \"Vulnerability\" or \"vulnerabilities\";\n\n    `disclos` as \"Disclosure\" or \"disclose\";\n\n    and numbers which convey expectations of times, e.g., 30 days or 90 days\n\n"
Scorecard analysis	Run analysis	2026-08-05T06:19:54.8271619Z                      },
Scorecard analysis	Run analysis	2026-08-05T06:19:54.8275418Z                      "defaultConfiguration": {
Scorecard analysis	Run analysis	2026-08-05T06:19:54.8394314Z                         "level": "error"
Scorecard analysis	Run analysis	2026-08-05T06:19:54.8397399Z                      },
Scorecard analysis	Run analysis	2026-08-05T06:19:54.8397950Z                      "properties": {
Scorecard analysis	Run analysis	2026-08-05T06:19:54.8399015Z                         "precision": "high",
Scorecard analysis	Run analysis	2026-08-05T06:19:54.8404965Z                         "problem.severity": "warning",
Scorecard analysis	Run analysis	2026-08-05T06:19:54.8424294Z                         "security-severity": "4.0",
Scorecard analysis	Run analysis	2026-08-05T06:19:54.8424881Z                         "tags": [
Scorecard analysis	Run analysis	2026-08-05T06:19:54.8433676Z                            "supply-chain",
Scorecard analysis	Run analysis	2026-08-05T06:19:54.8479776Z                            "security",
Scorecard analysis	Run analysis	2026-08-05T06:19:54.8480516Z                            "policy"
Scorecard analysis	Run analysis	2026-08-05T06:19:54.8480934Z                         ]
Scorecard analysis	Run analysis	2026-08-05T06:19:54.8481618Z                      }
Scorecard analysis	Run analysis	2026-08-05T06:19:54.8481977Z                   },
Scorecard analysis	Run analysis	2026-08-05T06:19:54.8482298Z                   {
Scorecard analysis	Run analysis	2026-08-05T06:19:54.8482893Z                      "id": "BinaryArtifactsID",
Scorecard analysis	Run analysis	2026-08-05T06:19:54.8483392Z                      "name": "Binary-Artifacts",
Scorecard analysis	Run analysis	2026-08-05T06:19:54.8485029Z                      "helpUri": "https://github.com/ossf/scorecard/blob/c395761df6afe1a69e476bc60a013a94bcbc153f/docs/checks.md#binary-artifacts",
Scorecard analysis	Run analysis	2026-08-05T06:19:54.8486883Z                      "shortDescription": {
Scorecard analysis	Run analysis	2026-08-05T06:19:54.8487652Z                         "text": "Binary-Artifacts"
Scorecard analysis	Run analysis	2026-08-05T06:19:54.8488140Z                      },
Scorecard analysis	Run analysis	2026-08-05T06:19:54.8489076Z                      "fullDescription": {
Scorecard analysis	Run analysis	2026-08-05T06:19:54.8505384Z                         "text": "Determines if the project has generated executable (binary) artifacts in the source repository."
Scorecard analysis	Run analysis	2026-08-05T06:19:54.8570829Z                      },
Scorecard analysis	Run analysis	2026-08-05T06:19:54.8571322Z                      "help": {
Scorecard analysis	Run analysis	2026-08-05T06:19:54.8572284Z                         "text": "Determines if the project has generated executable (binary) artifacts in the source repository.",
Scorecard analysis	Run analysis	2026-08-05T06:19:54.8622023Z                         "markdown": "**Remediation (click \"Show more\" below)**:\n\n- Remove the generated executable artifacts from the repository.\n\n- Build from source.\n\n\n\n**Severity**: High\n\n\n\n**Details**:\n\nRisk: `High` (non-reviewable code)\n\n\n\nThis check determines whether the project has generated executable (binary)\n\nartifacts in the source repository.\n\n\n\nIncluding generated executables in the source repository increases user risk.\n\nMany programming language systems can generate executables from source code\n\n(e.g., C/C++ generated machine code, Java `.class` files, Python `.pyc` files,\n\nand minified JavaScript). Users will often directly use executables if they are\n\nincluded in the source repository, leading to many dangerous behaviors.\n\n\n\nProblems with generated executable (binary) artifacts:\n\n\n\n  - Binary artifacts cannot be reviewed, allowing possible obsolete or\n\n    maliciously subverted executables. Reviews generally review source code, not\n\n    executables, since it's difficult to audit executables to ensure that they\n\n    correspond to the source code. Over time the included executables might not\n\n    correspond to the source code.\n\n  - Generated executables allow the executable generation process to atrophy,\n\n    which can lead to an inability to create working executables. These problems\n\n    can be countered with verified reproducible builds, but it's easier to\n\n    implement verified reproducible builds when executables are not included in\n\n    the source repository (since the executable generation process is less\n\n    likely to have atrophied).\n\n\n\nAllowed by Scorecard:\n\n\n\n  - Files in the source repository that are simultaneously reviewable source\n\n    code and executables, since these are reviewable. (Some interpretive\n\n    systems, such as many operating system shells, don't have a mechanism for\n\n    storing generated executables that are different from the source file.)\n\n  - Source code in the source repository generated by other tools (e.g., by\n\n    bison, yacc, flex, and lex). There are potential downsides to generated\n\n    source code, but generated source code tends to be much easier to review and\n\n    thus presents a lower risk. Generated source code is also often difficult\n\n    for external tools to detect.\n\n  - Generated documentation in source repositories. Generated documentation is\n\n    intended for use by humans (not computers) who can evaluate the context.\n\n    Thus, generated documentation doesn't pose the same level of risk.\n\n"
Scorecard analysis	Run analysis	2026-08-05T06:19:54.8640357Z                      },
Scorecard analysis	Run analysis	2026-08-05T06:19:54.8640791Z                      "defaultConfiguration": {
Scorecard analysis	Run analysis	2026-08-05T06:19:54.8641284Z                         "level": "error"
Scorecard analysis	Run analysis	2026-08-05T06:19:54.8641718Z                      },
Scorecard analysis	Run analysis	2026-08-05T06:19:54.8642090Z                      "properties": {
Scorecard analysis	Run analysis	2026-08-05T06:19:54.8642554Z                         "precision": "high",
Scorecard analysis	Run analysis	2026-08-05T06:19:54.8643056Z                         "problem.severity": "error",
Scorecard analysis	Run analysis	2026-08-05T06:19:54.8643523Z                         "security-severity": "7.0",
Scorecard analysis	Run analysis	2026-08-05T06:19:54.8643997Z                         "tags": [
Scorecard analysis	Run analysis	2026-08-05T06:19:54.8644413Z                            "supply-chain",
Scorecard analysis	Run analysis	2026-08-05T06:19:54.8645149Z                            "security",
Scorecard analysis	Run analysis	2026-08-05T06:19:54.8645551Z                            "dependencies"
Scorecard analysis	Run analysis	2026-08-05T06:19:54.8646546Z                         ]
Scorecard analysis	Run analysis	2026-08-05T06:19:54.8646953Z                      }
Scorecard analysis	Run analysis	2026-08-05T06:19:54.8647192Z                   },
Scorecard analysis	Run analysis	2026-08-05T06:19:54.8647393Z                   {
Scorecard analysis	Run analysis	2026-08-05T06:19:54.8647929Z                      "id": "DependencyUpdateToolID",
Scorecard analysis	Run analysis	2026-08-05T06:19:54.8648444Z                      "name": "Dependency-Update-Tool",
Scorecard analysis	Run analysis	2026-08-05T06:19:54.8659662Z                      "helpUri": "https://github.com/ossf/scorecard/blob/c395761df6afe1a69e476bc60a013a94bcbc153f/docs/checks.md#dependency-update-tool",
Scorecard analysis	Run analysis	2026-08-05T06:19:54.8664719Z                      "shortDescription": {
Scorecard analysis	Run analysis	2026-08-05T06:19:54.8665262Z                         "text": "Dependency-Update-Tool"
Scorecard analysis	Run analysis	2026-08-05T06:19:54.8665752Z                      },
Scorecard analysis	Run analysis	2026-08-05T06:19:54.8666133Z                      "fullDescription": {
Scorecard analysis	Run analysis	2026-08-05T06:19:54.8666753Z                         "text": "Determines if the project uses a dependency update tool."
Scorecard analysis	Run analysis	2026-08-05T06:19:54.8667411Z                      },
Scorecard analysis	Run analysis	2026-08-05T06:19:54.8667746Z                      "help": {
Scorecard analysis	Run analysis	2026-08-05T06:19:54.8668308Z                         "text": "Determines if the project uses a dependency update tool.",
Scorecard analysis	Run analysis	2026-08-05T06:19:54.8679321Z                         "markdown": "**Remediation (click \"Show more\" below)**:\n\n- Sign up for automatic dependency updates with one of the previously listed dependency update tools and place the config file in the locations that are recommended by these tools. Due to https://github.com/dependabot/dependabot-core/issues/2804 Dependabot can be enabled for forks where security updates have ever been turned on so projects maintaining stable forks should evaluate whether this behavior is satisfactory before turning it on.\n\n- Unlike Dependabot, Renovate bot has support to migrate dockerfiles' dependencies from version pinning to hash pinning via the [pinDigests setting](https://docs.renovatebot.com/configuration-options/#pindigests) without additional manual effort.\n\n\n\n**Severity**: High\n\n\n\n**Details**:\n\nRisk: `High` (possibly vulnerable to attacks on known flaws)\n\n\n\nThis check tries to determine if the project uses a dependency update tool,\n\nspecifically one of:\n\n- [Dependabot](https://docs.github.com/en/code-security/supply-chain-security/keeping-your-dependencies-updated-automatically/configuration-options-for-dependency-updates)\n\n- [Renovate bot](https://docs.renovatebot.com/configuration-options/)\n\nOut-of-date dependencies make a project vulnerable to known flaws and prone to attacks.\n\nThese tools automate the process of updating dependencies by scanning for\n\noutdated or insecure requirements, and opening a pull request to update them if\n\nfound.\n\n\n\nThis check can determine only whether the dependency update tool is enabled; it\n\ndoes not ensure that the tool is run or that the tool's pull requests are\n\nmerged.\n\n\n\nNote: A project that fulfills this criterion with other tools may still receive\n\na low score on this test. There are many ways to implement dependency updates,\n\nand it is challenging for an automated tool like Scorecard to detect them all. A\n\nlow score is therefore not a definitive indication that the project is at risk.\n\n"
Scorecard analysis	Run analysis	2026-08-05T06:19:54.8687537Z                      },
Scorecard analysis	Run analysis	2026-08-05T06:19:54.8687801Z                      "defaultConfiguration": {
Scorecard analysis	Run analysis	2026-08-05T06:19:54.8688196Z                         "level": "error"
Scorecard analysis	Run analysis	2026-08-05T06:19:54.8688459Z                      },
Scorecard analysis	Run analysis	2026-08-05T06:19:54.8688698Z                      "properties": {
Scorecard analysis	Run analysis	2026-08-05T06:19:54.8689235Z                         "precision": "high",
Scorecard analysis	Run analysis	2026-08-05T06:19:54.8689648Z                         "problem.severity": "error",
Scorecard analysis	Run analysis	2026-08-05T06:19:54.8689964Z                         "security-severity": "7.0",
Scorecard analysis	Run analysis	2026-08-05T06:19:54.8690254Z                         "tags": [
Scorecard analysis	Run analysis	2026-08-05T06:19:54.8690513Z                            "supply-chain",
Scorecard analysis	Run analysis	2026-08-05T06:19:54.8690917Z                            "security",
Scorecard analysis	Run analysis	2026-08-05T06:19:54.8691480Z                            "dependencies"
Scorecard analysis	Run analysis	2026-08-05T06:19:54.8691738Z                         ]
Scorecard analysis	Run analysis	2026-08-05T06:19:54.8691956Z                      }
Scorecard analysis	Run analysis	2026-08-05T06:19:54.8692159Z                   },
Scorecard analysis	Run analysis	2026-08-05T06:19:54.8692362Z                   {
Scorecard analysis	Run analysis	2026-08-05T06:19:54.8692564Z                      "id": "SASTID",
Scorecard analysis	Run analysis	2026-08-05T06:19:54.8692813Z                      "name": "SAST",
Scorecard analysis	Run analysis	2026-08-05T06:19:54.8693503Z                      "helpUri": "https://github.com/ossf/scorecard/blob/c395761df6afe1a69e476bc60a013a94bcbc153f/docs/checks.md#sast",
Scorecard analysis	Run analysis	2026-08-05T06:19:54.8694100Z                      "shortDescription": {
Scorecard analysis	Run analysis	2026-08-05T06:19:54.8694403Z                         "text": "SAST"
Scorecard analysis	Run analysis	2026-08-05T06:19:54.8694654Z                      },
Scorecard analysis	Run analysis	2026-08-05T06:19:54.8694880Z                      "fullDescription": {
Scorecard analysis	Run analysis	2026-08-05T06:19:54.8695238Z                         "text": "Determines if the project uses static code analysis."
Scorecard analysis	Run analysis	2026-08-05T06:19:54.8695618Z                      },
Scorecard analysis	Run analysis	2026-08-05T06:19:54.8695847Z                      "help": {
Scorecard analysis	Run analysis	2026-08-05T06:19:54.8696177Z                         "text": "Determines if the project uses static code analysis.",
Scorecard analysis	Run analysis	2026-08-05T06:19:54.8701714Z                         "markdown": "**Remediation (click \"Show more\" below)**:\n\n- Run CodeQL checks in your CI/CD by following the instructions [here](https://github.com/github/codeql-action#usage).\n\n\n\n**Severity**: Medium\n\n\n\n**Details**:\n\nRisk: `Medium` (possible unknown bugs)\n\n\n\nThis check tries to determine if the project uses Static Application Security\n\nTesting (SAST), also known as [static code analysis](https://owasp.org/www-community/controls/Static_Code_Analysis).\n\nIt is currently limited to repositories hosted on GitHub, and does not support\n\nother source hosting repositories (i.e., Forges).\n\n\n\nSAST is testing run on source code before the application is run. Using SAST\n\ntools can prevent known classes of bugs from being inadvertently introduced in the\n\ncodebase.\n\n\n\nThe checks currently looks for known GitHub apps such as\n\n[CodeQL](https://codeql.github.com/) (github-code-scanning) or\n\n[SonarCloud](https://sonarcloud.io/) in the recent (~30) merged PRs, or the use\n\nof \"github/codeql-action\" in a GitHub workflow. It also checks for the deprecated\n\n[LGTM](https://lgtm.com/) service until its forthcoming shutdown.\n\n\n\nNote: A project that fulfills this criterion with other tools may still receive\n\na low score on this test. There are many ways to implement SAST, and it is\n\nchallenging for an automated tool like Scorecard to detect them all. A low score\n\nis therefore not a definitive indication that the project is at risk.\n\n"
Scorecard analysis	Run analysis	2026-08-05T06:19:54.8707005Z                      },
Scorecard analysis	Run analysis	2026-08-05T06:19:54.8707247Z                      "defaultConfiguration": {
Scorecard analysis	Run analysis	2026-08-05T06:19:54.8707536Z                         "level": "error"
Scorecard analysis	Run analysis	2026-08-05T06:19:54.8707784Z                      },
Scorecard analysis	Run analysis	2026-08-05T06:19:54.8707999Z                      "properties": {
Scorecard analysis	Run analysis	2026-08-05T06:19:54.8708270Z                         "precision": "high",
Scorecard analysis	Run analysis	2026-08-05T06:19:54.8708565Z                         "problem.severity": "warning",
Scorecard analysis	Run analysis	2026-08-05T06:19:54.8709423Z                         "security-severity": "4.0",
Scorecard analysis	Run analysis	2026-08-05T06:19:54.8709886Z                         "tags": [
Scorecard analysis	Run analysis	2026-08-05T06:19:54.8710297Z                            "supply-chain",
Scorecard analysis	Run analysis	2026-08-05T06:19:54.8710741Z                            "security",
Scorecard analysis	Run analysis	2026-08-05T06:19:54.8723124Z                            "testing"
Scorecard analysis	Run analysis	2026-08-05T06:19:54.8726398Z                         ]
Scorecard analysis	Run analysis	2026-08-05T06:19:54.8727089Z                      }
Scorecard analysis	Run analysis	2026-08-05T06:19:54.8727440Z                   },
Scorecard analysis	Run analysis	2026-08-05T06:19:54.8727762Z                   {
Scorecard analysis	Run analysis	2026-08-05T06:19:54.8728124Z                      "id": "PackagingID",
Scorecard analysis	Run analysis	2026-08-05T06:19:54.8728578Z                      "name": "Packaging",
Scorecard analysis	Run analysis	2026-08-05T06:19:54.8729826Z                      "helpUri": "https://github.com/ossf/scorecard/blob/c395761df6afe1a69e476bc60a013a94bcbc153f/docs/checks.md#packaging",
Scorecard analysis	Run analysis	2026-08-05T06:19:54.8731146Z                      "shortDescription": {
Scorecard analysis	Run analysis	2026-08-05T06:19:54.8731627Z                         "text": "Packaging"
Scorecard analysis	Run analysis	2026-08-05T06:19:54.8732070Z                      },
Scorecard analysis	Run analysis	2026-08-05T06:19:54.8732462Z                      "fullDescription": {
Scorecard analysis	Run analysis	2026-08-05T06:19:54.8733456Z                         "text": "Determines if the project is published as a package that others can easily download, install, easily update, and uninstall."
Scorecard analysis	Run analysis	2026-08-05T06:19:54.8734460Z                      },
Scorecard analysis	Run analysis	2026-08-05T06:19:54.8734838Z                      "help": {
Scorecard analysis	Run analysis	2026-08-05T06:19:54.8735784Z                         "text": "Determines if the project is published as a package that others can easily download, install, easily update, and uninstall.",
Scorecard analysis	Run analysis	2026-08-05T06:19:54.8814873Z                         "markdown": "**Remediation (click \"Show more\" below)**:\n\n- Publish your project as a downloadable package, e.g., if hosted on GitHub, use [GitHub's mechanisms for publishing a package](https://docs.github.com/en/packages/learn-github-packages/publishing-a-package).\n\n- If hosted on GitHub, use a GitHub action to release your package to language-specific hubs.\n\n\n\n**Severity**: Medium\n\n\n\n**Details**:\n\nRisk: `Medium` (users possibly missing security updates)\n\n\n\nThis check tries to determine if the project is published as a package. It is\n\ncurrently limited to repositories hosted on GitHub, and does not support other\n\nsource hosting repositories (i.e., Forges).\n\n\n\nPackages give users of a project an easy way to download, install, update, and\n\nuninstall the software by a package manager. In particular, they make it easy\n\nfor users to receive security patches as updates.\n\n\n\nThe check currently looks for\n\n[GitHub packaging workflows](https://docs.github.com/en/packages/learn-github-packages/publishing-a-package)\n\nand language-specific GitHub Actions that upload the package to a corresponding\n\nhub, e.g., [Npm](https://www.npmjs.com/). We plan to add better support to query\n\npackage manager hubs directly in the future, e.g., for\n\n[Npm](https://www.npmjs.com/), [PyPi](https://pypi.org/).\n\n\n\nYou can create a package in several ways:\n\n\n\n  - Many program language ecosystems have a generally-used packaging format\n\n    supported by a language-level package manager tool and public package\n\n    repository.\n\n  - Many operating system platforms also have at least one package format,\n\n    tool, and public repository (in some cases the source repository generates\n\n    system-independent source packages, which are then used by others to\n\n    generate system executable packages).\n\n  - Using container images.\n\n\n\nNote: A project that fulfills this criterion with other tools may still receive\n\na low score on this test. There are many ways to package software, and it is\n\nchallenging for an automated tool like Scorecard to detect them all. A low\n\nscore is therefore not a definitive indication that the project is at risk. If\n\nScorecard fails to detect the way you publish a package and you think we should\n\nsupport your use case, please let us know by [opening an\n\nissue](https://github.com/ossf/scorecard/issues/new/choose).\n\n"
Scorecard analysis	Run analysis	2026-08-05T06:19:54.8857580Z                      },
Scorecard analysis	Run analysis	2026-08-05T06:19:54.8858101Z                      "defaultConfiguration": {
Scorecard analysis	Run analysis	2026-08-05T06:19:54.8891781Z                         "level": "error"
Scorecard analysis	Run analysis	2026-08-05T06:19:54.8893402Z                      },
Scorecard analysis	Run analysis	2026-08-05T06:19:54.8894340Z                      "properties": {
Scorecard analysis	Run analysis	2026-08-05T06:19:54.8895138Z                         "precision": "high",
Scorecard analysis	Run analysis	2026-08-05T06:19:54.8895673Z                         "problem.severity": "warning",
Scorecard analysis	Run analysis	2026-08-05T06:19:54.8896195Z                         "security-severity": "4.0",
Scorecard analysis	Run analysis	2026-08-05T06:19:54.8896659Z                         "tags": [
Scorecard analysis	Run analysis	2026-08-05T06:19:54.8897300Z                            "supply-chain",
Scorecard analysis	Run analysis	2026-08-05T06:19:54.8897736Z                            "security",
Scorecard analysis	Run analysis	2026-08-05T06:19:54.8898087Z                            "releases"
Scorecard analysis	Run analysis	2026-08-05T06:19:54.8900491Z                         ]
Scorecard analysis	Run analysis	2026-08-05T06:19:54.8901157Z                      }
Scorecard analysis	Run analysis	2026-08-05T06:19:54.8901492Z                   },
Scorecard analysis	Run analysis	2026-08-05T06:19:54.8901818Z                   {
Scorecard analysis	Run analysis	2026-08-05T06:19:54.8902182Z                      "id": "TokenPermissionsID",
Scorecard analysis	Run analysis	2026-08-05T06:19:54.8902696Z                      "name": "Token-Permissions",
Scorecard analysis	Run analysis	2026-08-05T06:19:54.8903806Z                      "helpUri": "https://github.com/ossf/scorecard/blob/c395761df6afe1a69e476bc60a013a94bcbc153f/docs/checks.md#token-permissions",
Scorecard analysis	Run analysis	2026-08-05T06:19:54.8905004Z                      "shortDescription": {
Scorecard analysis	Run analysis	2026-08-05T06:19:54.8905517Z                         "text": "Token-Permissions"
Scorecard analysis	Run analysis	2026-08-05T06:19:54.8905991Z                      },
Scorecard analysis	Run analysis	2026-08-05T06:19:54.8906373Z                      "fullDescription": {
Scorecard analysis	Run analysis	2026-08-05T06:19:54.8907140Z                         "text": "Determines if the project's workflows follow the principle of least privilege."
Scorecard analysis	Run analysis	2026-08-05T06:19:54.8907895Z                      },
Scorecard analysis	Run analysis	2026-08-05T06:19:54.8908497Z                      "help": {
Scorecard analysis	Run analysis	2026-08-05T06:19:54.8911701Z                         "text": "Determines if the project's workflows follow the principle of least privilege.",
Scorecard analysis	Run analysis	2026-08-05T06:19:54.8947852Z                         "markdown": "**Remediation (click \"Show more\" below)**:\n\n- Set top-level permissions as `read-all` or `contents: read` as described in GitHub's [documentation](https://docs.github.com/en/actions/reference/workflow-syntax-for-github-actions#permissions).\n\n- Set any required write permissions at the job-level. Only set the permissions required for that job; do not set `permissions: write-all` at the job level.\n\n- To help determine the permissions needed for your workflows, you may use [StepSecurity's online tool](https://app.stepsecurity.io/secureworkflow/) by ticking the \"Restrict permissions for GITHUB_TOKEN\". You may also tick the \"Pin actions to a full length commit SHA\" to fix issues found by the Pinned-dependencies check.\n\n\n\n**Severity**: High\n\n\n\n**Details**:\n\nRisk: `High` (vulnerable to malicious code additions)\n\n\n\nThis check determines whether the project's automated workflows tokens follow the\n\nprinciple of least privilege. This is important because attackers may use a\n\ncompromised token with write access to, for example, push malicious code into the\n\nproject.\n\n\n\nIt is currently limited to repositories hosted on GitHub, and does not support\n\nother source hosting repositories (i.e., Forges).\n\n\n\nThe highest score is awarded when the permissions definitions in each workflow's\n\nyaml file are set as read-only at the\n\n[top level](https://docs.github.com/en/actions/reference/workflow-syntax-for-github-actions#permissions)\n\nand the required write permissions are declared at the\n\n[run-level](https://docs.github.com/en/actions/reference/workflow-syntax-for-github-actions#jobsjob_idpermissions).\n\nOne point is reduced from the score if all jobs have their permissions defined but the top level permissions are not defined.\n\nThis configuration is secure, but there is a chance that when a new job is added to the workflow, its job permissions could be\n\nleft undefined because of human error.\n\n\n\nThough a project's score won't be penalized, the check's details will include\n\nwarnings for more sensitive run-level permissions, listed below:\n\n\n\n* `actions` - May allow an attacker to steal GitHub secrets by approving to run an action that needs approval.\n\n* `checks` - May allow an attacker to remove pre-submit checks and introduce a bug.\n\n* `contents` - Allows an attacker to commit unreviewed code. However, points are not reduced if the job utilizes a recognized packaging action or command.\n\n* `deployments` - May allow an attacker to charge repo owner by triggering VM runs, and tiny chance an attacker can trigger a remote service with code they own if server accepts code/location variables unsanitized.\n\n* `packages` - Allows an attacker to publish packages. However, points are not reduced if the job utilizes a recognized packaging action or command.\n\n* `security-events` - May allow an attacker to read vulnerability reports before a patch is available. However, points are not reduced if the job utilizes a recognized action for uploading SARIF results.\n\n* `statuses` - May allow an attacker to change the result of pre-submit checks and get a PR merged.\n\n\n\nThis compromise makes it clear the maintainer has done what's possible to use those permissions safety,\n\nbut allows users to identify that the permissions are used.\n\n\n\nThe check cannot detect if the \"read-only\" GitHub permission setting is\n\nenabled, as there is no API available.\n\n"
Scorecard analysis	Run analysis	2026-08-05T06:19:54.9016674Z                      },
Scorecard analysis	Run analysis	2026-08-05T06:19:54.9017143Z                      "defaultConfiguration": {
Scorecard analysis	Run analysis	2026-08-05T06:19:54.9017658Z                         "level": "error"
Scorecard analysis	Run analysis	2026-08-05T06:19:54.9018101Z                      },
Scorecard analysis	Run analysis	2026-08-05T06:19:54.9018476Z                      "properties": {
Scorecard analysis	Run analysis	2026-08-05T06:19:54.9019290Z                         "precision": "high",
Scorecard analysis	Run analysis	2026-08-05T06:19:54.9019864Z                         "problem.severity": "error",
Scorecard analysis	Run analysis	2026-08-05T06:19:54.9020401Z                         "security-severity": "7.0",
Scorecard analysis	Run analysis	2026-08-05T06:19:54.9020925Z                         "tags": [
Scorecard analysis	Run analysis	2026-08-05T06:19:54.9021372Z                            "supply-chain",
Scorecard analysis	Run analysis	2026-08-05T06:19:54.9021837Z                            "security",
Scorecard analysis	Run analysis	2026-08-05T06:19:54.9022307Z                            "infrastructure"
Scorecard analysis	Run analysis	2026-08-05T06:19:54.9022765Z                         ]
Scorecard analysis	Run analysis	2026-08-05T06:19:54.9023128Z                      }
Scorecard analysis	Run analysis	2026-08-05T06:19:54.9023466Z                   },
Scorecard analysis	Run analysis	2026-08-05T06:19:54.9023805Z                   {
Scorecard analysis	Run analysis	2026-08-05T06:19:54.9024204Z                      "id": "PinnedDependenciesID",
Scorecard analysis	Run analysis	2026-08-05T06:19:54.9024756Z                      "name": "Pinned-Dependencies",
Scorecard analysis	Run analysis	2026-08-05T06:19:54.9025897Z                      "helpUri": "https://github.com/ossf/scorecard/blob/c395761df6afe1a69e476bc60a013a94bcbc153f/docs/checks.md#pinned-dependencies",
Scorecard analysis	Run analysis	2026-08-05T06:19:54.9027015Z                      "shortDescription": {
Scorecard analysis	Run analysis	2026-08-05T06:19:54.9027559Z                         "text": "Pinned-Dependencies"
Scorecard analysis	Run analysis	2026-08-05T06:19:54.9028051Z                      },
Scorecard analysis	Run analysis	2026-08-05T06:19:54.9028460Z                      "fullDescription": {
Scorecard analysis	Run analysis	2026-08-05T06:19:54.9056495Z                         "text": "Determines if the project has declared and pinned the dependencies of its build process."
Scorecard analysis	Run analysis	2026-08-05T06:19:54.9057369Z                      },
Scorecard analysis	Run analysis	2026-08-05T06:19:54.9057741Z                      "help": {
Scorecard analysis	Run analysis	2026-08-05T06:19:54.9058530Z                         "text": "Determines if the project has declared and pinned the dependencies of its build process.",
Scorecard analysis	Run analysis	2026-08-05T06:19:54.9175741Z                         "markdown": "**Remediation (click \"Show more\" below)**:\n\n- If your project is producing an application, declare all your dependencies with specific versions in your package format file (e.g. `package.json` for npm, `requirements.txt` for python, `packages.config` for nuget). For C/C++, check in the code from a trusted source and add a `README` on the specific version used (and the archive SHA hashes).\n\n- If your project is producing an application and the package manager supports lock files (e.g. `package-lock.json` for npm), make sure to check these in the source code as well. These files maintain signatures for the entire dependency tree and saves from future exploitation in case the package is compromised.\n\n- For Dockerfiles used in building and releasing your project, pin dependencies by hash. See [Dockerfile](https://github.com/ossf/scorecard/blob/main/cron/internal/worker/Dockerfile) for example. If you are using a manifest list to support builds across multiple architectures, you can pin to the manifest list hash instead of a single image hash. You can use a tool like [crane](https://github.com/google/go-containerregistry/blob/main/cmd/crane/README.md) to obtain the hash of the manifest list like in this [example](https://github.com/ossf/scorecard/issues/1773#issuecomment-1076699039).\n\n- For GitHub workflows used in building and releasing your project, pin dependencies by hash. See [main.yaml](https://github.com/ossf/scorecard/blob/f55b86d6627cc3717e3a0395e03305e81b9a09be/.github/workflows/main.yml#L27) for example. To determine the permissions needed for your workflows, you may use [StepSecurity's online tool](https://app.stepsecurity.io/secureworkflow/) by ticking the \"Pin actions to a full length commit SHA\". You may also tick the \"Restrict permissions for GITHUB_TOKEN\" to fix issues found by the Token-Permissions check.\n\n- To help update your dependencies after pinning them, use tools such as those listed for the dependency update tool check.\n\n\n\n**Severity**: Medium\n\n\n\n**Details**:\n\nRisk: `Medium` (possible compromised dependencies)\n\n\n\nThis check tries to determine if the project pins dependencies used during its build and release process.\n\nA \"pinned dependency\" is a dependency that is explicitly set to a specific hash instead of\n\nallowing a mutable version or range of versions. It\n\nis currently limited to repositories hosted on GitHub, and does not support\n\nother source hosting repositories (i.e., Forges).\n\n\n\nThe check works by looking for unpinned dependencies in Dockerfiles, shell scripts, and GitHub workflows\n\nwhich are used during the build and release process of a project.\n\nSpecial considerations for Go modules treat full semantic versions as pinned\n\ndue to how the Go tool verifies downloaded content against the hashes when anyone first downloaded the module.\n\n\n\nPinned dependencies reduce several security risks:\n\n\n\n  - They ensure that checking and deployment are all done with the same\n\n    software, reducing deployment risks, simplifying debugging, and enabling\n\n    reproducibility.\n\n  - They can help mitigate compromised dependencies from undermining the\n\n    security of the project (in the case where you've evaluated the pinned\n\n    dependency, you are confident it's not compromised, and a later version is\n\n    released that is compromised).\n\n  - They are one way to [counter dependency confusion (aka substitution) attacks](https://azure.microsoft.com/en-us/resources/3-ways-to-mitigate-risk-using-private-package-feeds/),\n\n    in which an application uses multiple feeds to acquire software packages (a\n\n    \"hybrid configuration\"), and attackers fool the user into using a malicious\n\n    package via a feed that was not expected for that package.\n\n\n\nHowever, pinning dependencies can inhibit software updates, either because of a\n\nsecurity vulnerability or because the pinned version is compromised. Mitigate\n\nthis risk by:\n\n\n\n  - using automated tools to notify applications when their dependencies are\n\n    outdated;\n\n  - quickly updating applications that do pin dependencies.\n\n\n\nFor projects hosted on GitHub, you can learn more about\n\ndependencies using the [GitHub dependency graph](https://docs.github.com/en/code-security/supply-chain-security/understanding-your-software-supply-chain/about-the-dependency-graph).\n\n"
Scorecard analysis	Run analysis	2026-08-05T06:19:54.9217143Z                      },
Scorecard analysis	Run analysis	2026-08-05T06:19:54.9217573Z                      "defaultConfiguration": {
Scorecard analysis	Run analysis	2026-08-05T06:19:54.9218056Z                         "level": "error"
Scorecard analysis	Run analysis	2026-08-05T06:19:54.9218721Z                      },
Scorecard analysis	Run analysis	2026-08-05T06:19:54.9222487Z                      "properties": {
Scorecard analysis	Run analysis	2026-08-05T06:19:54.9222975Z                         "precision": "high",
Scorecard analysis	Run analysis	2026-08-05T06:19:54.9223489Z                         "problem.severity": "warning",
Scorecard analysis	Run analysis	2026-08-05T06:19:54.9224003Z                         "security-severity": "4.0",
Scorecard analysis	Run analysis	2026-08-05T06:19:54.9224473Z                         "tags": [
Scorecard analysis	Run analysis	2026-08-05T06:19:54.9224893Z                            "supply-chain",
Scorecard analysis	Run analysis	2026-08-05T06:19:54.9225334Z                            "security",
Scorecard analysis	Run analysis	2026-08-05T06:19:54.9225766Z                            "dependencies"
Scorecard analysis	Run analysis	2026-08-05T06:19:54.9226192Z                         ]
Scorecard analysis	Run analysis	2026-08-05T06:19:54.9226555Z                      }
Scorecard analysis	Run analysis	2026-08-05T06:19:54.9226899Z                   },
Scorecard analysis	Run analysis	2026-08-05T06:19:54.9227238Z                   {
Scorecard analysis	Run analysis	2026-08-05T06:19:54.9227832Z                      "id": "VulnerabilitiesID",
Scorecard analysis	Run analysis	2026-08-05T06:19:54.9228306Z                      "name": "Vulnerabilities",
Scorecard analysis	Run analysis	2026-08-05T06:19:54.9229638Z                      "helpUri": "https://github.com/ossf/scorecard/blob/c395761df6afe1a69e476bc60a013a94bcbc153f/docs/checks.md#vulnerabilities",
Scorecard analysis	Run analysis	2026-08-05T06:19:54.9230705Z                      "shortDescription": {
Scorecard analysis	Run analysis	2026-08-05T06:19:54.9231154Z                         "text": "Vulnerabilities"
Scorecard analysis	Run analysis	2026-08-05T06:19:54.9231614Z                      },
Scorecard analysis	Run analysis	2026-08-05T06:19:54.9232013Z                      "fullDescription": {
Scorecard analysis	Run analysis	2026-08-05T06:19:54.9232724Z                         "text": "Determines if the project has open, known unfixed vulnerabilities."
Scorecard analysis	Run analysis	2026-08-05T06:19:54.9233419Z                      },
Scorecard analysis	Run analysis	2026-08-05T06:19:54.9233791Z                      "help": {
Scorecard analysis	Run analysis	2026-08-05T06:19:54.9234417Z                         "text": "Determines if the project has open, known unfixed vulnerabilities.",
Scorecard analysis	Run analysis	2026-08-05T06:19:54.9241683Z                         "markdown": "**Remediation (click \"Show more\" below)**:\n\n- Fix the vulnerabilities in your own code base. The details of each vulnerability can be found on \u003chttps://osv.dev\u003e.\n\n- If the vulnerability is in a dependency, update the dependency to a non-vulnerable version. If no update is available, consider whether to remove the dependency.\n\n- If you believe the vulnerability does not affect your project, the  vulnerability can be ignored.  To ignore, create an `osv-scanner.toml` file next to the dependency manifest (e.g. package-lock.json) and specify the ID to ignore and reason. Details on the structure of `osv-scanner.toml` can be found on  [OSV-Scanner repository](https://github.com/google/osv-scanner#ignore-vulnerabilities-by-id).\n\n\n\n**Severity**: High\n\n\n\n**Details**:\n\nRisk: `High`  (known vulnerabilities)\n\n\n\nThis check determines whether the project has open, unfixed vulnerabilities \n\nin its own codebase or its dependencies using the [OSV (Open Source Vulnerabilities)](https://osv.dev/) service.\n\nAn open vulnerability is readily exploited by attackers and should be fixed as soon as\n\npossible.\n\n"
Scorecard analysis	Run analysis	2026-08-05T06:19:54.9247247Z                      },
Scorecard analysis	Run analysis	2026-08-05T06:19:54.9247512Z                      "defaultConfiguration": {
Scorecard analysis	Run analysis	2026-08-05T06:19:54.9247799Z                         "level": "error"
Scorecard analysis	Run analysis	2026-08-05T06:19:54.9248049Z                      },
Scorecard analysis	Run analysis	2026-08-05T06:19:54.9248269Z                      "properties": {
Scorecard analysis	Run analysis	2026-08-05T06:19:54.9248533Z                         "precision": "high",
Scorecard analysis	Run analysis	2026-08-05T06:19:54.9249519Z                         "problem.severity": "error",
Scorecard analysis	Run analysis	2026-08-05T06:19:54.9250065Z                         "security-severity": "7.0",
Scorecard analysis	Run analysis	2026-08-05T06:19:54.9250559Z                         "tags": [
Scorecard analysis	Run analysis	2026-08-05T06:19:54.9250975Z                            "supply-chain",
Scorecard analysis	Run analysis	2026-08-05T06:19:54.9251429Z                            "security",
Scorecard analysis	Run analysis	2026-08-05T06:19:54.9251879Z                            "vulnerabilities"
Scorecard analysis	Run analysis	2026-08-05T06:19:54.9252327Z                         ]
Scorecard analysis	Run analysis	2026-08-05T06:19:54.9252702Z                      }
Scorecard analysis	Run analysis	2026-08-05T06:19:54.9252924Z                   },
Scorecard analysis	Run analysis	2026-08-05T06:19:54.9253122Z                   {
Scorecard analysis	Run analysis	2026-08-05T06:19:54.9253594Z                      "id": "LicenseID",
Scorecard analysis	Run analysis	2026-08-05T06:19:54.9253849Z                      "name": "License",
Scorecard analysis	Run analysis	2026-08-05T06:19:54.9254407Z                      "helpUri": "https://github.com/ossf/scorecard/blob/c395761df6afe1a69e476bc60a013a94bcbc153f/docs/checks.md#license",
Scorecard analysis	Run analysis	2026-08-05T06:19:54.9255003Z                      "shortDescription": {
Scorecard analysis	Run analysis	2026-08-05T06:19:54.9255273Z                         "text": "License"
Scorecard analysis	Run analysis	2026-08-05T06:19:54.9255526Z                      },
Scorecard analysis	Run analysis	2026-08-05T06:19:54.9255745Z                      "fullDescription": {
Scorecard analysis	Run analysis	2026-08-05T06:19:54.9256087Z                         "text": "Determines if the project has defined a license."
Scorecard analysis	Run analysis	2026-08-05T06:19:54.9256434Z                      },
Scorecard analysis	Run analysis	2026-08-05T06:19:54.9256650Z                      "help": {
Scorecard analysis	Run analysis	2026-08-05T06:19:54.9256963Z                         "text": "Determines if the project has defined a license.",
Scorecard analysis	Run analysis	2026-08-05T06:19:54.9266753Z                         "markdown": "**Remediation (click \"Show more\" below)**:\n\n- Determine [which license](https://docs.github.com/en/repositories/managing-your-repositorys-settings-and-features/customizing-your-repository/licensing-a-repository) to apply to your project. For GitHub hosted projects, follow those instructions to establish a license for your project.\n\n- For other hosting environments, create the license in a `.adoc`, `.asc`, `.docx`, `.doc`, `.ext`, `.html`, `.markdown`, `.md`, `.rst`, `.txt`, or `.xml`, named `LICENSE`, `COPYRIGHT`, or `COPYING`, and place it in the top-level directory. To identify a specific license, use an [SPDX license identifier](https://spdx.org/licenses/) in the filename. Examples include `LICENSE.md`, `Apache-2.0-LICENSE.md` or `LICENSE-Apache-2.0`.\n\n- Alternately, create a `LICENSES` directory and add a license file(s) with a name that matches your [SPDX license identifier](https://spdx.org/licenses/). such as `LICENSES/Apache-2.0.txt`.\n\n\n\n**Severity**: Low\n\n\n\n**Details**:\n\nRisk: `Low` (possible impediment to security review)\n\n\n\nThis check tries to determine if the project has published a license. It\n\nworks by using either hosting APIs or by checking standard locations\n\nfor a file named according to common conventions for licenses.\n\n\n\nA license can give users information about how the source code may or may\n\nnot be used. The lack of a license will impede any kind of security review\n\nor audit and creates a legal risk for potential users.\n\n\n\nScorecard uses the\n\n[GitHub License API](https://docs.github.com/en/rest/licenses#get-the-license-for-a-repository)\n\nfor GitHub hosted projects. Otherwise, Scorecard uses its own heuristics to\n\ndetect a published license file.\n\n\n\nOn its own, this check will detect files in the top-level directory with\n\nany combination of the following names and extensions:`LICENSE`, `LICENCE`,\n\n`COPYING`, `COPYRIGHT` and having common extensions such as `.html`, `.txt`,\n\nor `.md`. It will also detect these files in a directory named `LICENSES`.\n\n(Files in a `LICENSES` directory are typically named as their\n\n[SPDX](https://spdx.org/licenses/) license identifier followed by an\n\nappropriate file extension, as described in the [REUSE Specification](https://reuse.software/spec/).)\n\n\n\nLicense Requirements:\n\n  - A detected `LICENSE`, `COPYRIGHT`, or `COPYING` filename, or license\n\n    files in a `LICENSES` directory (6/10 points)\n\n  - The detected file is at the top-level directory (3/10 points)\n\n  - A [FSF or OSI](https://spdx.org/licenses/) license is specified (1/10 points)\n\n"
Scorecard analysis	Run analysis	2026-08-05T06:19:54.9280840Z                      },
Scorecard analysis	Run analysis	2026-08-05T06:19:54.9281361Z                      "defaultConfiguration": {
Scorecard analysis	Run analysis	2026-08-05T06:19:54.9281709Z                         "level": "error"
Scorecard analysis	Run analysis	2026-08-05T06:19:54.9282260Z                      },
Scorecard analysis	Run analysis	2026-08-05T06:19:54.9282557Z                      "properties": {
Scorecard analysis	Run analysis	2026-08-05T06:19:54.9282942Z                         "precision": "high",
Scorecard analysis	Run analysis	2026-08-05T06:19:54.9283494Z                         "problem.severity": "recommendation",
Scorecard analysis	Run analysis	2026-08-05T06:19:54.9284301Z                         "security-severity": "1.0",
Scorecard analysis	Run analysis	2026-08-05T06:19:54.9284795Z                         "tags": [
Scorecard analysis	Run analysis	2026-08-05T06:19:54.9285205Z                            "license"
Scorecard analysis	Run analysis	2026-08-05T06:19:54.9285604Z                         ]
Scorecard analysis	Run analysis	2026-08-05T06:19:54.9286124Z                      }
Scorecard analysis	Run analysis	2026-08-05T06:19:54.9286405Z                   },
Scorecard analysis	Run analysis	2026-08-05T06:19:54.9286616Z                   {
Scorecard analysis	Run analysis	2026-08-05T06:19:54.9287053Z                      "id": "FuzzingID",
Scorecard analysis	Run analysis	2026-08-05T06:19:54.9287383Z                      "name": "Fuzzing",
Scorecard analysis	Run analysis	2026-08-05T06:19:54.9288198Z                      "helpUri": "https://github.com/ossf/scorecard/blob/c395761df6afe1a69e476bc60a013a94bcbc153f/docs/checks.md#fuzzing",
Scorecard analysis	Run analysis	2026-08-05T06:19:54.9289287Z                      "shortDescription": {
Scorecard analysis	Run analysis	2026-08-05T06:19:54.9289680Z                         "text": "Fuzzing"
Scorecard analysis	Run analysis	2026-08-05T06:19:54.9290106Z                      },
Scorecard analysis	Run analysis	2026-08-05T06:19:54.9290708Z                      "fullDescription": {
Scorecard analysis	Run analysis	2026-08-05T06:19:54.9291244Z                         "text": "Determines if the project uses fuzzing."
Scorecard analysis	Run analysis	2026-08-05T06:19:54.9291787Z                      },
Scorecard analysis	Run analysis	2026-08-05T06:19:54.9292155Z                      "help": {
Scorecard analysis	Run analysis	2026-08-05T06:19:54.9292653Z                         "text": "Determines if the project uses fuzzing.",
Scorecard analysis	Run analysis	2026-08-05T06:19:54.9305091Z                         "markdown": "**Remediation (click \"Show more\" below)**:\n\n- Integrate the project with OSS-Fuzz by following the instructions [here](https://google.github.io/oss-fuzz/).\n\n\n\n**Severity**: Medium\n\n\n\n**Details**:\n\nRisk: `Medium` (possible vulnerabilities in code)\n\n\n\nThis check tries to determine if the project uses\n\n[fuzzing](https://owasp.org/www-community/Fuzzing) by checking:\n\n1. if the repository name is included in the [OSS-Fuzz](https://github.com/google/oss-fuzz) project list;\n\n2. if [ClusterFuzzLite](https://google.github.io/clusterfuzzlite/) is deployed in the repository;\n\n3. if there are user-defined language-specified fuzzing functions in the repository.\n\n   - currently only supports [Go fuzzing](https://go.dev/doc/fuzz/),\n\n   - a limited set of property-based testing libraries for Haskell including [QuickCheck](https://hackage.haskell.org/package/QuickCheck), [Hedgehog](https://hedgehog.qa/), [validity](https://hackage.haskell.org/package/validity) or [SmallCheck](https://hackage.haskell.org/package/smallcheck),\n\n   - a limited set of property-based testing libraries for JavaScript and TypeScript including [fast-check](https://fast-check.dev/).\n\n   - a limited set of property-based testing libraries for Erlang, including proper and quickcheck.\n\n   - a limited set of property-based testing libraries for C# and F# including [FsCheck](https://github.com/fscheck/FsCheck).\n\n\n\nFuzzing, or fuzz testing, is the practice of feeding unexpected or random data\n\ninto a program to expose bugs. Regular fuzzing is important to detect\n\nvulnerabilities that may be exploited by others, especially since attackers can\n\nalso use fuzzing to find the same flaws.\n\n\n\nNote: A project that fulfills this criterion with other tools may still receive\n\na low score on this test. There are many ways to implement fuzzing, and it is\n\nchallenging for an automated tool like Scorecard to detect them all. A low score\n\nis therefore not a definitive indication that the project is at risk.\n\n"
Scorecard analysis	Run analysis	2026-08-05T06:19:54.9313468Z                      },
Scorecard analysis	Run analysis	2026-08-05T06:19:54.9313731Z                      "defaultConfiguration": {
Scorecard analysis	Run analysis	2026-08-05T06:19:54.9314020Z                         "level": "error"
Scorecard analysis	Run analysis	2026-08-05T06:19:54.9314272Z                      },
Scorecard analysis	Run analysis	2026-08-05T06:19:54.9314489Z                      "properties": {
Scorecard analysis	Run analysis	2026-08-05T06:19:54.9314755Z                         "precision": "high",
Scorecard analysis	Run analysis	2026-08-05T06:19:54.9315054Z                         "problem.severity": "warning",
Scorecard analysis	Run analysis	2026-08-05T06:19:54.9315362Z                         "security-severity": "4.0",
Scorecard analysis	Run analysis	2026-08-05T06:19:54.9315656Z                         "tags": [
Scorecard analysis	Run analysis	2026-08-05T06:19:54.9315907Z                            "supply-chain",
Scorecard analysis	Run analysis	2026-08-05T06:19:54.9316320Z                            "security",
Scorecard analysis	Run analysis	2026-08-05T06:19:54.9316569Z                            "testing"
Scorecard analysis	Run analysis	2026-08-05T06:19:54.9316807Z                         ]
Scorecard analysis	Run analysis	2026-08-05T06:19:54.9317020Z                      }
Scorecard analysis	Run analysis	2026-08-05T06:19:54.9317220Z                   }
Scorecard analysis	Run analysis	2026-08-05T06:19:54.9317412Z                ]
Scorecard analysis	Run analysis	2026-08-05T06:19:54.9317598Z             }
Scorecard analysis	Run analysis	2026-08-05T06:19:54.9317780Z          },
Scorecard analysis	Run analysis	2026-08-05T06:19:54.9317966Z          "results": [
Scorecard analysis	Run analysis	2026-08-05T06:19:54.9318165Z             {
Scorecard analysis	Run analysis	2026-08-05T06:19:54.9318362Z                "ruleId": "SASTID",
Scorecard analysis	Run analysis	2026-08-05T06:19:54.9318610Z                "ruleIndex": 4,
Scorecard analysis	Run analysis	2026-08-05T06:19:54.9319189Z                "message": {
Scorecard analysis	Run analysis	2026-08-05T06:19:54.9319806Z                   "text": "score is 0: no SAST tool detected:\nWarn: no pull requests merged into dev branch\nClick Remediation section below to solve this issue"
Scorecard analysis	Run analysis	2026-08-05T06:19:54.9320576Z                },
Scorecard analysis	Run analysis	2026-08-05T06:19:54.9320784Z                "locations": [
Scorecard analysis	Run analysis	2026-08-05T06:19:54.9321011Z                   {
Scorecard analysis	Run analysis	2026-08-05T06:19:54.9321233Z                      "physicalLocation": {
Scorecard analysis	Run analysis	2026-08-05T06:19:54.9321501Z                         "region": {
Scorecard analysis	Run analysis	2026-08-05T06:19:54.9321752Z                            "startLine": 1
Scorecard analysis	Run analysis	2026-08-05T06:19:54.9322004Z                         },
Scorecard analysis	Run analysis	2026-08-05T06:19:54.9322235Z                         "artifactLocation": {
Scorecard analysis	Run analysis	2026-08-05T06:19:54.9322549Z                            "uri": "no file associated with this alert",
Scorecard analysis	Run analysis	2026-08-05T06:19:54.9322875Z                            "uriBaseId": "%SRCROOT%"
Scorecard analysis	Run analysis	2026-08-05T06:19:54.9323141Z                         }
Scorecard analysis	Run analysis	2026-08-05T06:19:54.9323347Z                      }
Scorecard analysis	Run analysis	2026-08-05T06:19:54.9323543Z                   }
Scorecard analysis	Run analysis	2026-08-05T06:19:54.9323729Z                ]
Scorecard analysis	Run analysis	2026-08-05T06:19:54.9323916Z             },
Scorecard analysis	Run analysis	2026-08-05T06:19:54.9324097Z             {
Scorecard analysis	Run analysis	2026-08-05T06:19:54.9324294Z                "ruleId": "FuzzingID",
Scorecard analysis	Run analysis	2026-08-05T06:19:54.9324550Z                "ruleIndex": 10,
Scorecard analysis	Run analysis	2026-08-05T06:19:54.9324785Z                "message": {
Scorecard analysis	Run analysis	2026-08-05T06:19:54.9325326Z                   "text": "score is 0: project is not fuzzed:\nWarn: no fuzzer integrations found\nClick Remediation section below to solve this issue"
Scorecard analysis	Run analysis	2026-08-05T06:19:54.9325893Z                },
Scorecard analysis	Run analysis	2026-08-05T06:19:54.9326093Z                "locations": [
Scorecard analysis	Run analysis	2026-08-05T06:19:54.9326316Z                   {
Scorecard analysis	Run analysis	2026-08-05T06:19:54.9326532Z                      "physicalLocation": {
Scorecard analysis	Run analysis	2026-08-05T06:19:54.9326792Z                         "region": {
Scorecard analysis	Run analysis	2026-08-05T06:19:54.9327036Z                            "startLine": 1
Scorecard analysis	Run analysis	2026-08-05T06:19:54.9327284Z                         },
Scorecard analysis	Run analysis	2026-08-05T06:19:54.9327512Z                         "artifactLocation": {
Scorecard analysis	Run analysis	2026-08-05T06:19:54.9327822Z                            "uri": "no file associated with this alert",
Scorecard analysis	Run analysis	2026-08-05T06:19:54.9328143Z                            "uriBaseId": "%SRCROOT%"
Scorecard analysis	Run analysis	2026-08-05T06:19:54.9328412Z                         }
Scorecard analysis	Run analysis	2026-08-05T06:19:54.9328625Z                      }
Scorecard analysis	Run analysis	2026-08-05T06:19:54.9329110Z                   }
Scorecard analysis	Run analysis	2026-08-05T06:19:54.9329319Z                ]
Scorecard analysis	Run analysis	2026-08-05T06:19:54.9329515Z             }
Scorecard analysis	Run analysis	2026-08-05T06:19:54.9329697Z          ]
Scorecard analysis	Run analysis	2026-08-05T06:19:54.9329870Z       },
Scorecard analysis	Run analysis	2026-08-05T06:19:54.9330045Z       {
Scorecard analysis	Run analysis	2026-08-05T06:19:54.9330234Z          "automationDetails": {
Scorecard analysis	Run analysis	2026-08-05T06:19:54.9330690Z             "id": "supply-chain/online-scm/c395761df6afe1a69e476bc60a013a94bcbc153f-05 Aug 26 06:19 +0000"
Scorecard analysis	Run analysis	2026-08-05T06:19:54.9331151Z          },
Scorecard analysis	Run analysis	2026-08-05T06:19:54.9331332Z          "tool": {
Scorecard analysis	Run analysis	2026-08-05T06:19:54.9331531Z             "driver": {
Scorecard analysis	Run analysis	2026-08-05T06:19:54.9331746Z                "name": "Scorecard",
Scorecard analysis	Run analysis	2026-08-05T06:19:54.9332081Z                "informationUri": "https://github.com/ossf/scorecard",
Scorecard analysis	Run analysis	2026-08-05T06:19:54.9332447Z                "semanticVersion": "v5.5.0",
Scorecard analysis	Run analysis	2026-08-05T06:19:54.9332714Z                "rules": [
Scorecard analysis	Run analysis	2026-08-05T06:19:54.9332923Z                   {
Scorecard analysis	Run analysis	2026-08-05T06:19:54.9333130Z                      "id": "MaintainedID",
Scorecard analysis	Run analysis	2026-08-05T06:19:54.9333422Z                      "name": "Maintained",
Scorecard analysis	Run analysis	2026-08-05T06:19:54.9333987Z                      "helpUri": "https://github.com/ossf/scorecard/blob/c395761df6afe1a69e476bc60a013a94bcbc153f/docs/checks.md#maintained",
Scorecard analysis	Run analysis	2026-08-05T06:19:54.9334709Z                      "shortDescription": {
Scorecard analysis	Run analysis	2026-08-05T06:19:54.9334983Z                         "text": "Maintained"
Scorecard analysis	Run analysis	2026-08-05T06:19:54.9335242Z                      },
Scorecard analysis	Run analysis	2026-08-05T06:19:54.9335462Z                      "fullDescription": {
Scorecard analysis	Run analysis	2026-08-05T06:19:54.9335816Z                         "text": "Determines if the project is \"actively maintained\"."
Scorecard analysis	Run analysis	2026-08-05T06:19:54.9336175Z                      },
Scorecard analysis	Run analysis	2026-08-05T06:19:54.9336381Z                      "help": {
Scorecard analysis	Run analysis	2026-08-05T06:19:54.9336703Z                         "text": "Determines if the project is \"actively maintained\".",
Scorecard analysis	Run analysis	2026-08-05T06:19:54.9342831Z                         "markdown": "**Remediation (click \"Show more\" below)**:\n\n- There is no remediation work needed from projects with a low score; this check simply provides insight into the project activity and maintenance commitment. External users should determine whether the software is the type that would not normally need active maintenance.\n\n\n\n**Severity**: High\n\n\n\n**Details**:\n\nRisk: `High` (possibly unpatched vulnerabilities)\n\n\n\nThis check determines whether the project is actively maintained. If the project\n\nis archived, it receives the lowest score. If there is at least one commit per\n\nweek during the previous 90 days, the project receives the highest score.  If there\n\nis activity on issues from users who are collaborators, members, or owners of the\n\nproject, the project receives a partial score.\n\n\n\nA project which is not active might not be patched, have its\n\ndependencies patched, or be actively tested and used. However, a lack\n\nof active maintenance is not necessarily always a problem. Some software,\n\nespecially smaller utility functions, does not normally need to be maintained.\n\nFor example, a library that determines if an integer is even would not normally\n\nneed maintenance unless an underlying implementation language definition\n\nchanged. A lack of active maintenance should signal that potential users should\n\ninvestigate further to judge the situation.\n\n\n\nThis check will only succeed if a GitHub project is \u003e90 days old. Projects\n\nthat are younger than this are too new to assess whether they are maintained\n\nor not, and users should inspect the contents of those projects to ensure they\n\nare as expected.\n\n"
Scorecard analysis	Run analysis	2026-08-05T06:19:54.9349167Z                      },
Scorecard analysis	Run analysis	2026-08-05T06:19:54.9349473Z                      "defaultConfiguration": {
Scorecard analysis	Run analysis	2026-08-05T06:19:54.9349771Z                         "level": "error"
Scorecard analysis	Run analysis	2026-08-05T06:19:54.9350034Z                      },
Scorecard analysis	Run analysis	2026-08-05T06:19:54.9350252Z                      "properties": {
Scorecard analysis	Run analysis	2026-08-05T06:19:54.9350518Z                         "precision": "high",
Scorecard analysis	Run analysis	2026-08-05T06:19:54.9350804Z                         "problem.severity": "error",
Scorecard analysis	Run analysis	2026-08-05T06:19:54.9351111Z                         "security-severity": "7.0",
Scorecard analysis	Run analysis	2026-08-05T06:19:54.9351403Z                         "tags": [
Scorecard analysis	Run analysis	2026-08-05T06:19:54.9351654Z                            "supply-chain",
Scorecard analysis	Run analysis	2026-08-05T06:19:54.9351917Z                            "security"
Scorecard analysis	Run analysis	2026-08-05T06:19:54.9352157Z                         ]
Scorecard analysis	Run analysis	2026-08-05T06:19:54.9352366Z                      }
Scorecard analysis	Run analysis	2026-08-05T06:19:54.9352568Z                   },
Scorecard analysis	Run analysis	2026-08-05T06:19:54.9352764Z                   {
Scorecard analysis	Run analysis	2026-08-05T06:19:54.9352969Z                      "id": "CITestsID",
Scorecard analysis	Run analysis	2026-08-05T06:19:54.9353234Z                      "name": "CI-Tests",
Scorecard analysis	Run analysis	2026-08-05T06:19:54.9353799Z                      "helpUri": "https://github.com/ossf/scorecard/blob/c395761df6afe1a69e476bc60a013a94bcbc153f/docs/checks.md#ci-tests",
Scorecard analysis	Run analysis	2026-08-05T06:19:54.9354391Z                      "shortDescription": {
Scorecard analysis	Run analysis	2026-08-05T06:19:54.9354666Z                         "text": "CI-Tests"
Scorecard analysis	Run analysis	2026-08-05T06:19:54.9354912Z                      },
Scorecard analysis	Run analysis	2026-08-05T06:19:54.9355138Z                      "fullDescription": {
Scorecard analysis	Run analysis	2026-08-05T06:19:54.9355551Z                         "text": "Determines if the project runs tests before pull requests are merged."
Scorecard analysis	Run analysis	2026-08-05T06:19:54.9356102Z                      },
Scorecard analysis	Run analysis	2026-08-05T06:19:54.9356318Z                      "help": {
Scorecard analysis	Run analysis	2026-08-05T06:19:54.9356710Z                         "text": "Determines if the project runs tests before pull requests are merged.",
Scorecard analysis	Run analysis	2026-08-05T06:19:54.9363108Z                         "markdown": "**Remediation (click \"Show more\" below)**:\n\n- Check-in scripts that run all the tests in your repository.\n\n- Integrate those scripts with a CI/CD platform that runs it on every pull request (e.g. if hosted on GitHub, [GitHub Actions](https://docs.github.com/en/actions/learn-github-actions/introduction-to-github-actions), [Prow](https://github.com/kubernetes/test-infra/tree/master/prow), etc).\n\n\n\n**Severity**: Low\n\n\n\n**Details**:\n\nRisk: `Low` (possible unknown vulnerabilities)\n\n\n\nThis check tries to determine if the project runs tests before pull requests are\n\nmerged. It is currently limited to repositories hosted on GitHub, and does not\n\nsupport other source hosting repositories (i.e., Forges). This check only \n\nconsiders tests which run successfully.\n\n\n\nRunning tests helps developers catch mistakes early on, which can reduce the\n\nnumber of vulnerabilities that find their way into a project.\n\n\n\nThe check works by looking for a set of CI-system names in GitHub `CheckRuns`\n\nand `Statuses` among the recent commits (~30). A CI-system is considered\n\nwell-known if its name contains any of the following: appveyor, buildkite,\n\ncircleci, e2e, github-actions, jenkins, mergeable, test, travis-ci, woodpecker.\n\n\n\nNote: A project that fulfills this criterion with other tools may still receive\n\na low score on this test. There are many ways to implement CI testing, and it is\n\nchallenging for an automated tool like Scorecard to detect them all. A low score\n\nis therefore not a definitive indication that the project is at risk.\n\n\n\nIf a project's system was not detected and you think it should be, please\n\n[open an issue in the scorecard project](https://github.com/ossf/scorecard/issues/new/choose).\n\n"
Scorecard analysis	Run analysis	2026-08-05T06:19:54.9369662Z                      },
Scorecard analysis	Run analysis	2026-08-05T06:19:54.9369914Z                      "defaultConfiguration": {
Scorecard analysis	Run analysis	2026-08-05T06:19:54.9370209Z                         "level": "error"
Scorecard analysis	Run analysis	2026-08-05T06:19:54.9370457Z                      },
Scorecard analysis	Run analysis	2026-08-05T06:19:54.9370674Z                      "properties": {
Scorecard analysis	Run analysis	2026-08-05T06:19:54.9370939Z                         "precision": "high",
Scorecard analysis	Run analysis	2026-08-05T06:19:54.9371261Z                         "problem.severity": "recommendation",
Scorecard analysis	Run analysis	2026-08-05T06:19:54.9371592Z                         "security-severity": "1.0",
Scorecard analysis	Run analysis	2026-08-05T06:19:54.9371878Z                         "tags": [
Scorecard analysis	Run analysis	2026-08-05T06:19:54.9372130Z                            "supply-chain",
Scorecard analysis	Run analysis	2026-08-05T06:19:54.9372401Z                            "testing"
Scorecard analysis	Run analysis	2026-08-05T06:19:54.9372646Z                         ]
Scorecard analysis	Run analysis	2026-08-05T06:19:54.9372855Z                      }
Scorecard analysis	Run analysis	2026-08-05T06:19:54.9373054Z                   },
Scorecard analysis	Run analysis	2026-08-05T06:19:54.9373251Z                   {
Scorecard analysis	Run analysis	2026-08-05T06:19:54.9373458Z                      "id": "CodeReviewID",
Scorecard analysis	Run analysis	2026-08-05T06:19:54.9373720Z                      "name": "Code-Review",
Scorecard analysis	Run analysis	2026-08-05T06:19:54.9374298Z                      "helpUri": "https://github.com/ossf/scorecard/blob/c395761df6afe1a69e476bc60a013a94bcbc153f/docs/checks.md#code-review",
Scorecard analysis	Run analysis	2026-08-05T06:19:54.9374886Z                      "shortDescription": {
Scorecard analysis	Run analysis	2026-08-05T06:19:54.9375157Z                         "text": "Code-Review"
Scorecard analysis	Run analysis	2026-08-05T06:19:54.9375418Z                      },
Scorecard analysis	Run analysis	2026-08-05T06:19:54.9375636Z                      "fullDescription": {
Scorecard analysis	Run analysis	2026-08-05T06:19:54.9376168Z                         "text": "Determines if the project requires human code review before pull requests (aka merge requests) are merged."
Scorecard analysis	Run analysis	2026-08-05T06:19:54.9376690Z                      },
Scorecard analysis	Run analysis	2026-08-05T06:19:54.9376899Z                      "help": {
Scorecard analysis	Run analysis	2026-08-05T06:19:54.9377394Z                         "text": "Determines if the project requires human code review before pull requests (aka merge requests) are merged.",
Scorecard analysis	Run analysis	2026-08-05T06:19:54.9391418Z                         "markdown": "**Remediation (click \"Show more\" below)**:\n\n- If the project has only one contributor, or does not have enough reviewers to practically require that all contributions be reviewed, try to recruit more maintainers to the project who will be willing to review others' work. Ideally at least some of these people will be from different organizations (see [Contributors](checks.md#contributors)). If the project has very limited utility, consider expanding its intended utility so more people will be interested in improving it, and make that larger scope clear to potential contributors.\n\n- Follow security best practices by performing strict code reviews for every new pull request / merge request.\n\n- Make \"code reviews\" mandatory in your repository configuration. ([Instructions for GitHub.](https://docs.github.com/en/github/administering-a-repository/about-protected-branches#require-pull-request-reviews-before-merging))\n\n- Enforce the rule for administrators / code owners as well. ([Instructions for GitHub.](https://docs.github.com/en/github/administering-a-repository/about-protected-branches#include-administrators))\n\n\n\n**Severity**: High\n\n\n\n**Details**:\n\nRisk: `High` (unintentional vulnerabilities or possible injection of malicious\n\ncode)\n\n\n\nThis check determines whether the project requires human code review\n\nbefore pull requests (merge requests) are merged.\n\n\n\nReviews detect various unintentional problems, including vulnerabilities that\n\ncan be fixed immediately before they are merged, which improves the quality of\n\nthe code. Reviews may also detect or deter an attacker trying to insert\n\nmalicious code (either as a malicious contributor or as an attacker who has\n\nsubverted a contributor's account), because a reviewer might detect the\n\nsubversion.\n\n\n\nThe check determines whether the most recent changes (over the last ~30 commits) have \n\nan approval on GitHub\n\nor if the merger is different from the committer (implicit review). It also\n\nperforms a similar check for reviews using\n\n[Prow](https://github.com/kubernetes/test-infra/tree/master/prow#readme) (labels\n\n\"lgtm\" or \"approved\") and [Gerrit](https://www.gerritcodereview.com/) (\"Reviewed-on\" and \"Reviewed-by\").\n\nIf recent changes are solely bot activity (e.g. Dependabot, Renovate bot, or custom bots),\n\nthe check returns inconclusively.\n\n\n\nScoring is leveled instead of proportional to make the check more predictable.\n\nIf any bot-originated changes are unreviewed, 3 points are deducted. If any human\n\nchanges are unreviewed, 7 points are deducted if a single change is unreviewed, and\n\nanother 3 are deducted if multiple changes are unreviewed.\n\n\n\nReview by bots, including bots powered by\n\nartificial intelligence / machine learning (AI/ML),\n\ndo not count as code review.\n\nSuch reviews do not provide confidence that there will\n\nbe a second person who understands the\n\ncode change (e.g., if the originator suddenly becomes unavailable).\n\nHowever, analysis by bots\n\nmay be able to meet (at least in part) the [SAST](#sast) criterion.\n\n\n\nNote: Requiring reviews for all changes is infeasible for some projects, such as\n\nthose with only one active participant. Even a project with multiple active\n\ncontributors may not have enough active participation to be able to require\n\nreview of all proposed changes. Projects with a small number of active\n\nparticipants instead sometimes aim for a review of a\n\npercentage of proposals (e.g., \"at least half of all proposed changes are\n\nreviewed\").\n\n\n\nRequiring review does not eliminate all risks. The other reviewers might fail to\n\nnotice unintentional vulnerabilities or malicious code, be colluding with a\n\nmalicious developer, or even be the same person (using a \"[sock\n\npuppet](https://en.wikipedia.org/wiki/Sock_puppet_account)\" account).\n\n"
Scorecard analysis	Run analysis	2026-08-05T06:19:54.9404979Z                      },
Scorecard analysis	Run analysis	2026-08-05T06:19:54.9405350Z                      "defaultConfiguration": {
Scorecard analysis	Run analysis	2026-08-05T06:19:54.9405634Z                         "level": "error"
Scorecard analysis	Run analysis	2026-08-05T06:19:54.9405882Z                      },
Scorecard analysis	Run analysis	2026-08-05T06:19:54.9406098Z                      "properties": {
Scorecard analysis	Run analysis	2026-08-05T06:19:54.9406360Z                         "precision": "high",
Scorecard analysis	Run analysis	2026-08-05T06:19:54.9406652Z                         "problem.severity": "error",
Scorecard analysis	Run analysis	2026-08-05T06:19:54.9406957Z                         "security-severity": "7.0",
Scorecard analysis	Run analysis	2026-08-05T06:19:54.9407239Z                         "tags": [
Scorecard analysis	Run analysis	2026-08-05T06:19:54.9407490Z                            "supply-chain",
Scorecard analysis	Run analysis	2026-08-05T06:19:54.9407755Z                            "security",
Scorecard analysis	Run analysis	2026-08-05T06:19:54.9408012Z                            "source-code",
Scorecard analysis	Run analysis	2026-08-05T06:19:54.9408268Z                            "code-reviews"
Scorecard analysis	Run analysis	2026-08-05T06:19:54.9408516Z                         ]
Scorecard analysis	Run analysis	2026-08-05T06:19:54.9409062Z                      }
Scorecard analysis	Run analysis	2026-08-05T06:19:54.9409276Z                   },
Scorecard analysis	Run analysis	2026-08-05T06:19:54.9409481Z                   {
Scorecard analysis	Run analysis	2026-08-05T06:19:54.9409710Z                      "id": "CIIBestPracticesID",
Scorecard analysis	Run analysis	2026-08-05T06:19:54.9410021Z                      "name": "CII-Best-Practices",
Scorecard analysis	Run analysis	2026-08-05T06:19:54.9410653Z                      "helpUri": "https://github.com/ossf/scorecard/blob/c395761df6afe1a69e476bc60a013a94bcbc153f/docs/checks.md#cii-best-practices",
Scorecard analysis	Run analysis	2026-08-05T06:19:54.9411268Z                      "shortDescription": {
Scorecard analysis	Run analysis	2026-08-05T06:19:54.9411560Z                         "text": "CII-Best-Practices"
Scorecard analysis	Run analysis	2026-08-05T06:19:54.9411837Z                      },
Scorecard analysis	Run analysis	2026-08-05T06:19:54.9412061Z                      "fullDescription": {
Scorecard analysis	Run analysis	2026-08-05T06:19:54.9412500Z                         "text": "Determines if the project has an OpenSSF (formerly CII) Best Practices Badge."
Scorecard analysis	Run analysis	2026-08-05T06:19:54.9412946Z                      },
Scorecard analysis	Run analysis	2026-08-05T06:19:54.9413157Z                      "help": {
Scorecard analysis	Run analysis	2026-08-05T06:19:54.9413564Z                         "text": "Determines if the project has an OpenSSF (formerly CII) Best Practices Badge.",
Scorecard analysis	Run analysis	2026-08-05T06:19:54.9420207Z                         "markdown": "**Remediation (click \"Show more\" below)**:\n\n- Sign up for the [OpenSSF Best Practices program](https://www.bestpractices.dev/).\n\n\n\n**Severity**: Low\n\n\n\n**Details**:\n\nRisk: `Low` (possibly not following security best practices)\n\n\n\nThis check determines whether the project has earned an [OpenSSF (formerly CII) Best Practices Badge](https://www.bestpractices.dev/) at the passing, silver, or gold level.\n\nThe OpenSSF Best Practices badge indicates whether or not that the project uses a set of security-focused best development practices for open\n\nsource software. The check uses the URL for the Git repo and the OpenSSF Best Practices badge API.\n\n\n\nThe OpenSSF Best Practices badge has 3 tiers: passing, silver, and gold. We give\n\nfull credit to projects that meet the [gold criteria](https://www.bestpractices.dev/criteria/2), which is a significant achievement for projects and requires multiple developers in the project.\n\nLower scores represent a project that has met the silver criteria, met the passing criteria, or is working to achieve the passing badge, with increasingly more points awarded as more criteria are met. Note that even meeting the passing criteria is a significant achievement.\n\n\n\n- [gold badge](https://www.bestpractices.dev/criteria/2): 10\n\n- [silver badge](https://www.bestpractices.dev/criteria/1): 7\n\n- [passing badge](https://www.bestpractices.dev/criteria/0): 5\n\n- in progress badge: 2\n\n\n\nSome of these criteria overlap with other Scorecard checks.\n\nHowever, note that in those overlapping cases, Scorecard can only report what it can automatically detect, while the OpenSSF Best Practices badge can report on claims and claim justifications from people (this counters false negatives and positives but has the challenge of requiring additional work from people).\n\n"
Scorecard analysis	Run analysis	2026-08-05T06:19:54.9426601Z                      },
Scorecard analysis	Run analysis	2026-08-05T06:19:54.9426837Z                      "defaultConfiguration": {
Scorecard analysis	Run analysis	2026-08-05T06:19:54.9427266Z                         "level": "error"
Scorecard analysis	Run analysis	2026-08-05T06:19:54.9427512Z                      },
Scorecard analysis	Run analysis	2026-08-05T06:19:54.9427723Z                      "properties": {
Scorecard analysis	Run analysis	2026-08-05T06:19:54.9427983Z                         "precision": "high",
Scorecard analysis	Run analysis	2026-08-05T06:19:54.9428287Z                         "problem.severity": "recommendation",
Scorecard analysis	Run analysis	2026-08-05T06:19:54.9428613Z                         "security-severity": "1.0",
Scorecard analysis	Run analysis	2026-08-05T06:19:54.9429127Z                         "tags": [
Scorecard analysis	Run analysis	2026-08-05T06:19:54.9429404Z                            "security-awareness",
Scorecard analysis	Run analysis	2026-08-05T06:19:54.9429700Z                            "security-training",
Scorecard analysis	Run analysis	2026-08-05T06:19:54.9429975Z                            "security"
Scorecard analysis	Run analysis	2026-08-05T06:19:54.9430216Z                         ]
Scorecard analysis	Run analysis	2026-08-05T06:19:54.9430425Z                      }
Scorecard analysis	Run analysis	2026-08-05T06:19:54.9430623Z                   },
Scorecard analysis	Run analysis	2026-08-05T06:19:54.9430983Z                   {
Scorecard analysis	Run analysis	2026-08-05T06:19:54.9431195Z                      "id": "SignedReleasesID",
Scorecard analysis	Run analysis	2026-08-05T06:19:54.9431484Z                      "name": "Signed-Releases",
Scorecard analysis	Run analysis	2026-08-05T06:19:54.9432086Z                      "helpUri": "https://github.com/ossf/scorecard/blob/c395761df6afe1a69e476bc60a013a94bcbc153f/docs/checks.md#signed-releases",
Scorecard analysis	Run analysis	2026-08-05T06:19:54.9432710Z                      "shortDescription": {
Scorecard analysis	Run analysis	2026-08-05T06:19:54.9432996Z                         "text": "Signed-Releases"
Scorecard analysis	Run analysis	2026-08-05T06:19:54.9433271Z                      },
Scorecard analysis	Run analysis	2026-08-05T06:19:54.9433490Z                      "fullDescription": {
Scorecard analysis	Run analysis	2026-08-05T06:19:54.9433898Z                         "text": "Determines if the project cryptographically signs release artifacts."
Scorecard analysis	Run analysis	2026-08-05T06:19:54.9434308Z                      },
Scorecard analysis	Run analysis	2026-08-05T06:19:54.9434513Z                      "help": {
Scorecard analysis	Run analysis	2026-08-05T06:19:54.9434892Z                         "text": "Determines if the project cryptographically signs release artifacts.",
Scorecard analysis	Run analysis	2026-08-05T06:19:54.9440776Z                         "markdown": "**Remediation (click \"Show more\" below)**:\n\n- Publish the release.\n\n- Generate a signing key.\n\n- Download the release as an archive locally.\n\n- Sign the release archive with this key (should output a signature file).\n\n- Attach the signature file next to the release archive.\n\n- If the source is hosted on GitHub, check out the steps [here](https://wiki.debian.org/Creating%20signed%20GitHub%20releases).\n\n\n\n**Severity**: High\n\n\n\n**Details**:\n\nRisk: `High` (possibility of installing malicious releases)\n\n\n\nThis check tries to determine if the project cryptographically signs release\n\nartifacts. It is currently limited to repositories hosted on GitHub, and does\n\nnot support other source hosting repositories (i.e., Forges).\n\n\n\nSigned releases attest to the provenance of the artifact.\n\n\n\nThis check looks for the following filenames in the project's last five\n\n[release assets](https://docs.github.com/en/repositories/releasing-projects-on-github/about-releases):\n\n[*.minisig](https://github.com/jedisct1/minisign), *.asc (pgp),\n\n*.sig, *.sign, *.sigstore, *.sigstore.json, [*.intoto.jsonl](https://slsa.dev).\n\n\n\nIf a signature is found in the assets for each release, a score of 8 is given.\n\nIf a [SLSA provenance file](https://slsa.dev/spec/v0.1/index) is found in the assets for each release (*.intoto.jsonl), the maximum score of 10 is given.\n\n\n\nThis check looks for the 30 most recent releases associated with an artifact. It ignores the source code-only releases that are created automatically by GitHub.\n\n\n\nNote: The check does not verify the signatures.\n\n"
Scorecard analysis	Run analysis	2026-08-05T06:19:54.9446373Z                      },
Scorecard analysis	Run analysis	2026-08-05T06:19:54.9446612Z                      "defaultConfiguration": {
Scorecard analysis	Run analysis	2026-08-05T06:19:54.9446901Z                         "level": "error"
Scorecard analysis	Run analysis	2026-08-05T06:19:54.9447157Z                      },
Scorecard analysis	Run analysis	2026-08-05T06:19:54.9447375Z                      "properties": {
Scorecard analysis	Run analysis	2026-08-05T06:19:54.9447634Z                         "precision": "high",
Scorecard analysis	Run analysis	2026-08-05T06:19:54.9447926Z                         "problem.severity": "error",
Scorecard analysis	Run analysis	2026-08-05T06:19:54.9448370Z                         "security-severity": "7.0",
Scorecard analysis	Run analysis	2026-08-05T06:19:54.9448654Z                         "tags": [
Scorecard analysis	Run analysis	2026-08-05T06:19:54.9449032Z                            "supply-chain",
Scorecard analysis	Run analysis	2026-08-05T06:19:54.9449298Z                            "security",
Scorecard analysis	Run analysis	2026-08-05T06:19:54.9449544Z                            "releases"
Scorecard analysis	Run analysis	2026-08-05T06:19:54.9449782Z                         ]
Scorecard analysis	Run analysis	2026-08-05T06:19:54.9449990Z                      }
Scorecard analysis	Run analysis	2026-08-05T06:19:54.9450191Z                   },
Scorecard analysis	Run analysis	2026-08-05T06:19:54.9450386Z                   {
Scorecard analysis	Run analysis	2026-08-05T06:19:54.9450594Z                      "id": "ContributorsID",
Scorecard analysis	Run analysis	2026-08-05T06:19:54.9450864Z                      "name": "Contributors",
Scorecard analysis	Run analysis	2026-08-05T06:19:54.9451442Z                      "helpUri": "https://github.com/ossf/scorecard/blob/c395761df6afe1a69e476bc60a013a94bcbc153f/docs/checks.md#contributors",
Scorecard analysis	Run analysis	2026-08-05T06:19:54.9452157Z                      "shortDescription": {
Scorecard analysis	Run analysis	2026-08-05T06:19:54.9452439Z                         "text": "Contributors"
Scorecard analysis	Run analysis	2026-08-05T06:19:54.9452719Z                      },
Scorecard analysis	Run analysis	2026-08-05T06:19:54.9452937Z                      "fullDescription": {
Scorecard analysis	Run analysis	2026-08-05T06:19:54.9453442Z                         "text": "Determines if the project has a set of contributors from multiple organizations (e.g., companies)."
Scorecard analysis	Run analysis	2026-08-05T06:19:54.9453945Z                      },
Scorecard analysis	Run analysis	2026-08-05T06:19:54.9454152Z                      "help": {
Scorecard analysis	Run analysis	2026-08-05T06:19:54.9454617Z                         "text": "Determines if the project has a set of contributors from multiple organizations (e.g., companies).",
Scorecard analysis	Run analysis	2026-08-05T06:19:54.9460231Z                         "markdown": "**Remediation (click \"Show more\" below)**:\n\n- Ask contributors to [join their respective organizations](https://docs.github.com/en/organizations/managing-membership-in-your-organization/inviting-users-to-join-your-organization), if they have not already. Otherwise, there is no remediation for this check; it simply provides insight into which organizations have contributed so that you can make a trust-based decision based on that information.\n\n\n\n**Severity**: Low\n\n\n\n**Details**:\n\nRisk: `Low` (lower number of trusted code reviewers)\n\n\n\nThis check tries to determine if the project has recent contributors from\n\nmultiple organizations (e.g., companies). It is currently limited to\n\nrepositories hosted on GitHub, and does not support other source hosting\n\nrepositories (i.e., Forges).\n\n\n\nThe check looks at the `Company` field on the GitHub user profile for authors of\n\nrecent commits. To receive the highest score, the project must have had\n\ncontributors from at least 3 different companies in the last 30 commits; each of\n\nthose contributors must have had at least 5 commits in the last 30 commits.\n\n\n\nNote: Some projects cannot meet this requirement, such as small projects with\n\nonly one active participant, or projects with a narrow scope that cannot attract\n\nthe interest of multiple organizations. See\n\n[Code Reviews](https://github.com/ossf/scorecard/blob/main/docs/checks.md#code-review)\n\nfor more information about evaluating projects with a small number of\n\nparticipants.\n\n"
Scorecard analysis	Run analysis	2026-08-05T06:19:54.9465686Z                      },
Scorecard analysis	Run analysis	2026-08-05T06:19:54.9465916Z                      "defaultConfiguration": {
Scorecard analysis	Run analysis	2026-08-05T06:19:54.9466197Z                         "level": "error"
Scorecard analysis	Run analysis	2026-08-05T06:19:54.9466445Z                      },
Scorecard analysis	Run analysis	2026-08-05T06:19:54.9466658Z                      "properties": {
Scorecard analysis	Run analysis	2026-08-05T06:19:54.9466917Z                         "precision": "high",
Scorecard analysis	Run analysis	2026-08-05T06:19:54.9467254Z                         "problem.severity": "recommendation",
Scorecard analysis	Run analysis	2026-08-05T06:19:54.9467579Z                         "security-severity": "1.0",
Scorecard analysis	Run analysis	2026-08-05T06:19:54.9467861Z                         "tags": [
Scorecard analysis	Run analysis	2026-08-05T06:19:54.9468102Z                            "source-code"
Scorecard analysis	Run analysis	2026-08-05T06:19:54.9468350Z                         ]
Scorecard analysis	Run analysis	2026-08-05T06:19:54.9468563Z                      }
Scorecard analysis	Run analysis	2026-08-05T06:19:54.9468876Z                   }
Scorecard analysis	Run analysis	2026-08-05T06:19:54.9469073Z                ]
Scorecard analysis	Run analysis	2026-08-05T06:19:54.9469261Z             }
Scorecard analysis	Run analysis	2026-08-05T06:19:54.9469574Z          },
Scorecard analysis	Run analysis	2026-08-05T06:19:54.9469762Z          "results": [
Scorecard analysis	Run analysis	2026-08-05T06:19:54.9469964Z             {
Scorecard analysis	Run analysis	2026-08-05T06:19:54.9470163Z                "ruleId": "MaintainedID",
Scorecard analysis	Run analysis	2026-08-05T06:19:54.9470427Z                "ruleIndex": 0,
Scorecard analysis	Run analysis	2026-08-05T06:19:54.9470661Z                "message": {
Scorecard analysis	Run analysis	2026-08-05T06:19:54.9471452Z                   "text": "score is 0: project was created within the last 90 days. Please review its contents carefully:\nWarn: Repository was created within the last 90 days.\nClick Remediation section below to solve this issue"
Scorecard analysis	Run analysis	2026-08-05T06:19:54.9472272Z                },
Scorecard analysis	Run analysis	2026-08-05T06:19:54.9472475Z                "locations": [
Scorecard analysis	Run analysis	2026-08-05T06:19:54.9472697Z                   {
Scorecard analysis	Run analysis	2026-08-05T06:19:54.9472919Z                      "physicalLocation": {
Scorecard analysis	Run analysis	2026-08-05T06:19:54.9473183Z                         "region": {
Scorecard analysis	Run analysis	2026-08-05T06:19:54.9473543Z                            "startLine": 1
Scorecard analysis	Run analysis	2026-08-05T06:19:54.9473792Z                         },
Scorecard analysis	Run analysis	2026-08-05T06:19:54.9474029Z                         "artifactLocation": {
Scorecard analysis	Run analysis	2026-08-05T06:19:54.9474346Z                            "uri": "no file associated with this alert",
Scorecard analysis	Run analysis	2026-08-05T06:19:54.9474676Z                            "uriBaseId": "%SRCROOT%"
Scorecard analysis	Run analysis	2026-08-05T06:19:54.9474943Z                         }
Scorecard analysis	Run analysis	2026-08-05T06:19:54.9475155Z                      }
Scorecard analysis	Run analysis	2026-08-05T06:19:54.9475354Z                   }
Scorecard analysis	Run analysis	2026-08-05T06:19:54.9475546Z                ]
Scorecard analysis	Run analysis	2026-08-05T06:19:54.9475734Z             },
Scorecard analysis	Run analysis	2026-08-05T06:19:54.9475914Z             {
Scorecard analysis	Run analysis	2026-08-05T06:19:54.9476115Z                "ruleId": "CodeReviewID",
Scorecard analysis	Run analysis	2026-08-05T06:19:54.9476375Z                "ruleIndex": 2,
Scorecard analysis	Run analysis	2026-08-05T06:19:54.9476605Z                "message": {
Scorecard analysis	Run analysis	2026-08-05T06:19:54.9477135Z                   "text": "score is 0: Found 0/2 approved changesets -- score normalized to 0\nClick Remediation section below to solve this issue"
Scorecard analysis	Run analysis	2026-08-05T06:19:54.9477694Z                },
Scorecard analysis	Run analysis	2026-08-05T06:19:54.9477892Z                "locations": [
Scorecard analysis	Run analysis	2026-08-05T06:19:54.9478115Z                   {
Scorecard analysis	Run analysis	2026-08-05T06:19:54.9478327Z                      "physicalLocation": {
Scorecard analysis	Run analysis	2026-08-05T06:19:54.9478592Z                         "region": {
Scorecard analysis	Run analysis	2026-08-05T06:19:54.9478961Z                            "startLine": 1
Scorecard analysis	Run analysis	2026-08-05T06:19:54.9479217Z                         },
Scorecard analysis	Run analysis	2026-08-05T06:19:54.9479450Z                         "artifactLocation": {
Scorecard analysis	Run analysis	2026-08-05T06:19:54.9479761Z                            "uri": "no file associated with this alert",
Scorecard analysis	Run analysis	2026-08-05T06:19:54.9480086Z                            "uriBaseId": "%SRCROOT%"
Scorecard analysis	Run analysis	2026-08-05T06:19:54.9480354Z                         }
Scorecard analysis	Run analysis	2026-08-05T06:19:54.9480559Z                      }
Scorecard analysis	Run analysis	2026-08-05T06:19:54.9480754Z                   }
Scorecard analysis	Run analysis	2026-08-05T06:19:54.9480946Z                ]
Scorecard analysis	Run analysis	2026-08-05T06:19:54.9481135Z             },
Scorecard analysis	Run analysis	2026-08-05T06:19:54.9481319Z             {
Scorecard analysis	Run analysis	2026-08-05T06:19:54.9481527Z                "ruleId": "CIIBestPracticesID",
Scorecard analysis	Run analysis	2026-08-05T06:19:54.9481819Z                "ruleIndex": 3,
Scorecard analysis	Run analysis	2026-08-05T06:19:54.9482050Z                "message": {
Scorecard analysis	Run analysis	2026-08-05T06:19:54.9482592Z                   "text": "score is 0: no effort to earn an OpenSSF best practices badge detected\nClick Remediation section below to solve this issue"
Scorecard analysis	Run analysis	2026-08-05T06:19:54.9483160Z                },
Scorecard analysis	Run analysis	2026-08-05T06:19:54.9483358Z                "locations": [
Scorecard analysis	Run analysis	2026-08-05T06:19:54.9483579Z                   {
Scorecard analysis	Run analysis	2026-08-05T06:19:54.9483792Z                      "physicalLocation": {
Scorecard analysis	Run analysis	2026-08-05T06:19:54.9484052Z                         "region": {
Scorecard analysis	Run analysis	2026-08-05T06:19:54.9484291Z                            "startLine": 1
Scorecard analysis	Run analysis	2026-08-05T06:19:54.9484536Z                         },
Scorecard analysis	Run analysis	2026-08-05T06:19:54.9484761Z                         "artifactLocation": {
Scorecard analysis	Run analysis	2026-08-05T06:19:54.9485068Z                            "uri": "no file associated with this alert",
Scorecard analysis	Run analysis	2026-08-05T06:19:54.9485392Z                            "uriBaseId": "%SRCROOT%"
Scorecard analysis	Run analysis	2026-08-05T06:19:54.9485659Z                         }
Scorecard analysis	Run analysis	2026-08-05T06:19:54.9485863Z                      }
Scorecard analysis	Run analysis	2026-08-05T06:19:54.9486055Z                   }
Scorecard analysis	Run analysis	2026-08-05T06:19:54.9486383Z                ]
Scorecard analysis	Run analysis	2026-08-05T06:19:54.9486568Z             }
Scorecard analysis	Run analysis	2026-08-05T06:19:54.9486745Z          ]
Scorecard analysis	Run analysis	2026-08-05T06:19:54.9486918Z       }
Scorecard analysis	Run analysis	2026-08-05T06:19:54.9487091Z    ]
Scorecard analysis	Run analysis	2026-08-05T06:19:54.9487271Z }
Scorecard analysis	Upload SARIF artifact	∩╗┐2026-08-05T06:19:54.9546095Z ##[group]Run actions/upload-artifact@043fb46d1a93c77aae656e7c1c64a875d1fc6a0a
Scorecard analysis	Upload SARIF artifact	2026-08-05T06:19:54.9546523Z with:
Scorecard analysis	Upload SARIF artifact	2026-08-05T06:19:54.9546735Z   name: scorecard-sarif
Scorecard analysis	Upload SARIF artifact	2026-08-05T06:19:54.9546969Z   path: results.sarif
Scorecard analysis	Upload SARIF artifact	2026-08-05T06:19:54.9547201Z   retention-days: 14
Scorecard analysis	Upload SARIF artifact	2026-08-05T06:19:54.9547427Z   if-no-files-found: warn
Scorecard analysis	Upload SARIF artifact	2026-08-05T06:19:54.9547661Z   compression-level: 6
Scorecard analysis	Upload SARIF artifact	2026-08-05T06:19:54.9547885Z   overwrite: false
Scorecard analysis	Upload SARIF artifact	2026-08-05T06:19:54.9548101Z   include-hidden-files: false
Scorecard analysis	Upload SARIF artifact	2026-08-05T06:19:54.9548341Z   archive: true
Scorecard analysis	Upload SARIF artifact	2026-08-05T06:19:54.9548547Z ##[endgroup]
Scorecard analysis	Upload SARIF artifact	2026-08-05T06:19:55.1152966Z With the provided path, there will be 1 file uploaded
Scorecard analysis	Upload SARIF artifact	2026-08-05T06:19:55.1189666Z Artifact name is valid!
Scorecard analysis	Upload SARIF artifact	2026-08-05T06:19:55.1209556Z Root directory input is valid!
Scorecard analysis	Upload SARIF artifact	2026-08-05T06:19:55.4589423Z Uploading artifact: scorecard-sarif.zip
Scorecard analysis	Upload SARIF artifact	2026-08-05T06:19:55.4641029Z Beginning upload of artifact content to blob storage
Scorecard analysis	Upload SARIF artifact	2026-08-05T06:19:55.8396571Z Uploaded bytes 16382
Scorecard analysis	Upload SARIF artifact	2026-08-05T06:19:55.9125152Z Finished uploading artifact content to blob storage!
Scorecard analysis	Upload SARIF artifact	2026-08-05T06:19:55.9128243Z SHA256 digest of uploaded artifact is 3f83bf55b0ba091e40ae0363456712a5ffdbf546b79d076fa3e0c2c87e97ec55
Scorecard analysis	Upload SARIF artifact	2026-08-05T06:19:55.9129814Z Finalizing artifact upload
Scorecard analysis	Upload SARIF artifact	2026-08-05T06:19:56.3041397Z Artifact scorecard-sarif successfully finalized. Artifact ID 8920117494
Scorecard analysis	Upload SARIF artifact	2026-08-05T06:19:56.3042578Z Artifact scorecard-sarif has been successfully uploaded! Final size is 16382 bytes. Artifact ID is 8920117494
Scorecard analysis	Upload SARIF artifact	2026-08-05T06:19:56.3043971Z Artifact download URL: https://github.com/shashi-chin/ossf-scorecard-lab/actions/runs/30980977880/artifacts/8920117494
Scorecard analysis	Upload to code scanning	∩╗┐2026-08-05T06:19:56.3243426Z ##[group]Run github/codeql-action/upload-sarif@f205ea1c3313d32999d8d6a48b4f6530d4437b38
Scorecard analysis	Upload to code scanning	2026-08-05T06:19:56.3243930Z with:
Scorecard analysis	Upload to code scanning	2026-08-05T06:19:56.3244148Z   sarif_file: results.sarif
Scorecard analysis	Upload to code scanning	2026-08-05T06:19:56.3244524Z   checkout_path: /home/runner/work/ossf-scorecard-lab/ossf-scorecard-lab
Scorecard analysis	Upload to code scanning	2026-08-05T06:19:56.3247330Z   token: ***
Scorecard analysis	Upload to code scanning	2026-08-05T06:19:56.3247549Z   matrix: null
Scorecard analysis	Upload to code scanning	2026-08-05T06:19:56.3247776Z   wait-for-processing: true
Scorecard analysis	Upload to code scanning	2026-08-05T06:19:56.3248037Z ##[endgroup]
Scorecard analysis	Upload to code scanning	2026-08-05T06:20:11.9504434Z ##[warning]This run of the CodeQL Action does not have permission to access the CodeQL Action API endpoints. This could be because the Action is running on a pull request from a fork. If not, please ensure the workflow has at least the 'security-events: read' permission. Details: Code scanning is not enabled for this repository. Please enable code scanning in the repository settings. - https://docs.github.com/rest
Scorecard analysis	Upload to code scanning	2026-08-05T06:20:11.9519733Z Post-processing sarif files: ["results.sarif"]
Scorecard analysis	Upload to code scanning	2026-08-05T06:20:11.9521136Z Validating results.sarif
Scorecard analysis	Upload to code scanning	2026-08-05T06:20:11.9754112Z Warning: 'no file associated with this alert' is not a valid URI in 'instance.runs[0].results[0].locations[0].physicalLocation.artifactLocation.uri'.
Scorecard analysis	Upload to code scanning	2026-08-05T06:20:11.9756349Z Warning: 'no file associated with this alert' is not a valid URI in 'instance.runs[1].results[0].locations[0].physicalLocation.artifactLocation.uri'.
Scorecard analysis	Upload to code scanning	2026-08-05T06:20:11.9759215Z Warning: 'no file associated with this alert' is not a valid URI in 'instance.runs[1].results[1].locations[0].physicalLocation.artifactLocation.uri'.
Scorecard analysis	Upload to code scanning	2026-08-05T06:20:11.9761548Z Warning: 'no file associated with this alert' is not a valid URI in 'instance.runs[2].results[0].locations[0].physicalLocation.artifactLocation.uri'.
Scorecard analysis	Upload to code scanning	2026-08-05T06:20:11.9765112Z Warning: 'no file associated with this alert' is not a valid URI in 'instance.runs[2].results[1].locations[0].physicalLocation.artifactLocation.uri'.
Scorecard analysis	Upload to code scanning	2026-08-05T06:20:11.9767412Z Warning: 'no file associated with this alert' is not a valid URI in 'instance.runs[2].results[2].locations[0].physicalLocation.artifactLocation.uri'.
Scorecard analysis	Upload to code scanning	2026-08-05T06:20:11.9772357Z Adding fingerprints to SARIF file. See https://docs.github.com/en/code-security/reference/code-scanning/sarif-support-for-code-scanning#data-for-preventing-duplicated-alerts for more information.
Scorecard analysis	Upload to code scanning	2026-08-05T06:20:11.9781391Z ##[group]Uploading code scanning results
Scorecard analysis	Upload to code scanning	2026-08-05T06:20:11.9900062Z Uploading results
Scorecard analysis	Upload to code scanning	2026-08-05T06:20:27.1753949Z ##[warning]Code scanning is not enabled for this repository. Please enable code scanning in the repository settings. - https://docs.github.com/rest
Scorecard analysis	Upload to code scanning	2026-08-05T06:20:27.1765685Z ##[error]Please verify that the necessary features are enabled: Code scanning is not enabled for this repository. Please enable code scanning in the repository settings. - https://docs.github.com/rest
Scorecard analysis	Upload to code scanning	2026-08-05T06:20:42.0449457Z ##[warning]This run of the CodeQL Action does not have permission to access the CodeQL Action API endpoints. This could be because the Action is running on a pull request from a fork. If not, please ensure the workflow has at least the 'security-events: read' permission. Details: Code scanning is not enabled for this repository. Please enable code scanning in the repository settings. - https://docs.github.com/rest
Scorecard analysis	Post Upload to code scanning	∩╗┐2026-08-05T06:20:42.0639116Z Post job cleanup.
Scorecard analysis	Post Upload to code scanning	2026-08-05T06:20:42.3692186Z ##[group]Uploading combined SARIF debug artifact
Scorecard analysis	Post Upload to code scanning	2026-08-05T06:20:42.3709736Z ##[endgroup]
Scorecard analysis	Post Checkout code	∩╗┐2026-08-05T06:20:42.4135592Z Post job cleanup.
Scorecard analysis	Post Checkout code	2026-08-05T06:20:42.5509921Z [command]/usr/bin/git version
Scorecard analysis	Post Checkout code	2026-08-05T06:20:42.5549958Z git version 2.54.0
Scorecard analysis	Post Checkout code	2026-08-05T06:20:42.5662908Z Temporarily overriding HOME='/home/runner/work/_temp/aa0b2421-dda0-4090-be1d-03faa2fa058f' before making global git config changes
Scorecard analysis	Post Checkout code	2026-08-05T06:20:42.5680173Z Adding repository directory to the temporary git global config as a safe directory
Scorecard analysis	Post Checkout code	2026-08-05T06:20:42.5700584Z [command]/usr/bin/git config --global --add safe.directory /home/runner/work/ossf-scorecard-lab/ossf-scorecard-lab
Scorecard analysis	Post Checkout code	2026-08-05T06:20:42.5750273Z Removing SSH command configuration
Scorecard analysis	Post Checkout code	2026-08-05T06:20:42.5770277Z [command]/usr/bin/git config --local --name-only --get-regexp core\.sshCommand
Scorecard analysis	Post Checkout code	2026-08-05T06:20:42.5810175Z [command]/usr/bin/git submodule foreach --recursive sh -c "git config --local --name-only --get-regexp 'core\.sshCommand' && git config --local --unset-all 'core.sshCommand' || :"
Scorecard analysis	Post Checkout code	2026-08-05T06:20:42.6106619Z Removing HTTP extra header
Scorecard analysis	Post Checkout code	2026-08-05T06:20:42.6107749Z [command]/usr/bin/git config --local --name-only --get-regexp http\.https\:\/\/github\.com\/\.extraheader
Scorecard analysis	Post Checkout code	2026-08-05T06:20:42.6154630Z [command]/usr/bin/git submodule foreach --recursive sh -c "git config --local --name-only --get-regexp 'http\.https\:\/\/github\.com\/\.extraheader' && git config --local --unset-all 'http.https://github.com/.extraheader' || :"
Scorecard analysis	Post Checkout code	2026-08-05T06:20:42.6584953Z Removing includeIf entries pointing to credentials config files
Scorecard analysis	Post Checkout code	2026-08-05T06:20:42.6586511Z [command]/usr/bin/git config --local --name-only --get-regexp ^includeIf\.gitdir:
Scorecard analysis	Post Checkout code	2026-08-05T06:20:42.6661269Z [command]/usr/bin/git submodule foreach --recursive git config --local --show-origin --name-only --get-regexp remote.origin.url
Scorecard analysis	Complete job	∩╗┐2026-08-05T06:20:42.7311312Z Cleaning up orphan processes
